company_name;website;sector;country;revenue_euros;employees;founded
Deliveroo*;https://deliveroo.co.uk;Food & Beverage;United Kingdom;157M;1049;2013
Thermondo;https://thermondo.de;Energy;Germany;20M;300;2012
Traventia Viajes*;https://traventia.es;Travel & Leisure;Spain;10M;20;2013
Alainsa;https://alainsa.com;Construction;Spain;10M;20;1980
iTravex;https://itravex.es;Travel & Leisure;Spain;22M;37;2007
Carwow;https://carwow.com;Automobiles;United Kingdom;10M;104;2009
Formycon;https://formycon.de;Chemicals;Germany;19M;70;2012
Local Fuel;https://localfuel.co.uk;Energy;United Kingdom;73M;8;2012
Project X Paris;https://projectxparis.com;Fashion;France;8M;20;2013
Global Savings Group;https://global-savings-group.com;Advertising;Germany;19M;304;2012
Smarkets;https://smarkets.com;Fintech;United Kingdom;31M;78;2008
VLC Travel;https://resaneo.com;Support Services;France;40M;30;2009
Germanimals;https://germanimals.de;Agricultural commodities;Germany;23M;7;2011
SendinBlue;https://sendinblue.com;Technology;France;7M;60;2007
Cheevers Howard;https://cheevershoward.co.uk;Construction;United Kingdom;26M;61;2013
Marfeel Solutions;https://marfeel.com;Advertising;Spain;4M;52;2011
Petroprix Energía*;https://www.petroprix.com;Retail;Spain;72M;45;2013
HelloFresh;https://hellofresh.de;Ecommerce;Germany;596M;1969;2012
STRV;https://strv.com;Technology;Czech Republic;5M;150;2009
Bynder;https://bynder.com;Technology;The Netherlands;12M;248;2013
Blue Motor Finance;https://bluemotorfinance.co.uk;Financial Services;United Kingdom;20M;103;1992
Stratajet;https://stratajet.com;Travel & Leisure;United Kingdom;4M;60;2011
AerFin;https://aerfin.com;Aerospace & Defence;United Kingdom;74M;79;2010
TransferWise;https://transferwise.com;Financial Services;United Kingdom;79M;700;2010
Actility;https://actility.com;Telecoms;France;16M;100;2010
Benhauer;https://salesmanago.com;Technology;Poland;6M;259;2011
Eurocio Freetime;https://subastadeocio.es;Travel & Leisure;Spain;7M;28;2012
Metacrew Group;https://metacrew.de;Advertising;Germany;10M;54;2008
Shokes;https://shokes.de;Ecommerce;Germany;6M;6;2009
Tooploox;https://tooploox.com;Technology;Poland;3M;72;2012
ZEMA IT;https://zema-it.de;Technology;Germany;8M;12;2009
Framery;https://frameryacoustics.com;Interiors;Finland;17M;70;2010
Unidriver;https://unidriver.eu;Transport;Spain;4M;252;2012
Gestaweb 2020*;https://electrocosto.com;Ecommerce;Spain;11M;18;2013
SNTI Nutritional Suplements*;https://snti.es;Food & Beverage;Spain;2M;1;2013
ID Finance Investments;https://idfinance.com;Fintech;Spain;57M;220;2012
My Show Must Go On;https://encoreuntour.com;Travel & Leisure;France;2M;3;2009
Moonoff;https://moonoff.com;Industrial Goods;Spain;6M;16;2012
Yieldlove*;https://yieldlove.de;Advertising;Germany;6M;17;2013
everBe;https://everbe.com;Management Consulting;France;5M;45;2012
Avenir Renovations*;https://avenir-renovations.fr;Construction;France;2M;12;2013
Conserto*;https://conserto.pro;Technology;France;13M;261;2013
GoCardless;https://GoCardless.co.uk;Fintech;United Kingdom;7M;100;2011
Optal;https://optal.com;Financial Services;United Kingdom;158M;27;2005
DCMN;https://dcmn.com;Advertising;Germany;41M;88;2010
RTB House;https://rtbhouse.com;Technology;Poland;18M;184;2012
All Seafood Company;https://allseafoodcompany.com;Food & Beverage;France;3M;2;2006
Catawiki;https://catawiki.com;Technology;The Netherlands;35M;341;2008
CodiLime;https://codilime.com;Technology;Poland;8M;200;2011
Smadex;https://smadex.com;Sales & Marketing;Spain;4M;29;2010
CD PROJEKT;https://cdprojekt.com;Games industry;Poland;133M;214;1994
Engagement Factory*;https://engagementfactory.com;Sales & Marketing;The Netherlands;2M;18;2013
Codewise;https://codewise.com;Advertising;Poland;43M;92;2011
Eskimoz;https://eskimoz.fr;Support Services;France;3M;30;2012
SuperAwesome;https://superawesome.com;Technology;United Kingdom;8M;90;1999
The Retail Performance Company;https://rpc-partners.com;Management Consulting;Germany;33M;233;2012
UniEléctrica Energía**;https://unielectrica.com;Energy;Spain;86M;35;2012
Northlander Commodity Advisors;https://northlander-advisors.com;Financial Services;United Kingdom;11M;7;2011
GermanFLAVOURS;https://germanflavours.de;Chemicals;Germany;7M;105;2012
Cloud Technologies;https://cloudtechnologies.pl;Technology;Poland;11M;51;2011
VIRTUS HoldCo**;https://virtusdatacentres.com;Technology;United Kingdom;28M;33;2008
PARANET-Deutschland;https://paranet-deutschland.de;Construction;Germany;26M;33;2011
Kantox;https://kantox.com;Fintech;United Kingdom;4M;75;2011
allbranded;https://allbranded.de;Advertising;Germany;4M;15;2011
Coppola Foods;https://coppolafoodsgroup.com;Food & Beverage;United Kingdom;2M;2;2012
ENITAS Deutschland*;https://enitas.de;Support Services;Germany;2M;60;2013
Seistag Innovación*;http://seistag.com/;Management Consulting;Spain;3M;13;2013
BMS2*;https://bms2.de;Construction;Germany;3M;10;2013
CliQéo ;https://cliqeo.com;Support Services;France;4M;51;2012
Clearabee;https://clearabee.co.uk;Waste management & recycling;United Kingdom;7M;135;2012
Wealth Dynamics;https://wealth-dynamix.com;Fintech;United Kingdom;7M;32;2012
erdbär (Freche Freunde);https://frechefreunde.de;Food & Beverage;Germany;19M;44;2010
Sica SAS;https://n/a;Industrial Goods;France;9M;1;2011
Screwerk*;https://screwerk.com;Retail;Germany;2M;20;2013
Soltec;https://soltec.com;Energy;Spain;64M;646;2004
EWÂ Energy World*;https://ew-energy-world.de;Energy;Germany;14M;54;2013
Grabyo*;https://Grabyo.com;Technology;United Kingdom;1M;30;2013
Anthesis Consulting Group*;https://anthesisgroup.com;Management Consulting;United Kingdom;11M;200;2013
Black Swan Data;https://blackswan.com;Technology;United Kingdom;17M;215;2011
Robart GmbH;https://robart.cc;Technology;Austria;3M;45;2010
Nova Groupe;https://novagroupe.eu;Personal & Household Goods;France;1M;8;2012
PROCERAM;https://cerabran.com;Construction;Germany;2M;16;2011
Bolus Restaurants;https://bunsen.ie;Restaurants;Ireland;5M;63;2013
Happy Company;https://happycompany.fr;Media;France;2M;3;2012
Globe Locums;https://globelocums.co.uk;Support Services;United Kingdom;36M;33;2011
In Touch Networks;https://intouchnetworks.com;Ecommerce;United Kingdom;3M;100;2006
Lapelle;https://lapelleweb.it;Industrial Goods;Italy;10M;5;2006
Pickawood;https://pickawood.com;Ecommerce;Germany;3M;12;2012
Fourniresto.Com;https://fourniresto.com;Retail;France;3M;6;2012
Vizzuality;https://vizzuality.com;Technology;Spain;2M;29;2009
Localbitcoins*;https://localbitcoins.com;Fintech;Finland;7M;9;2013
Bademeisterei Kosmetikmanufaktur*;https://bademeisterei.com;Health;Austria;4M;53;2013
Theano Advisors;https://theanoadvisors.com;Management Consulting;France;22M;47;2012
Synaptikon;https://neuronation.de;Health;Germany;2M;32;2011
RadarServices Smart IT-Security;https://radarservices.com;Cyber Security;Austria;3M;41;2011
Rent2ndhometenerife;https://baobabsuites.com;Travel & Leisure;Spain;8M;108;2009
AHORN Wohnmobile;https://ahorn-wohnmobile.de;Automobiles;Germany;28M;36;1996
Scribbr;https://scribbr.com;Education;The Netherlands;1M;7;2012
Lebepur;https://lebepur.de;Food & Beverage;Germany;3M;2;2010
Cowana;https://cowana.de;Advertising;Germany;8M;10;2009
Neuwagen24.de;https://neuwagen24.de;Automobiles;Germany;4M;20;2007
A. C. Mischke;https://ac-mischke.de;Automobiles;Germany;40M;6;2011
Supercharge;https://supercharge.io;Technology;Hungary;2M;36;2010
Golden Gates Edelmetalle;https://goldengates.de;Retail;Germany;15M;13;2012
Warmcook;https://warmcook.com;Personal & Household Goods;France;6M;7;2010
Etablissements Wanecque;https://wanecque.com;Construction;France;2M;19;2012
Tikiting Distribuciones;https://tikiting.com;Transport;Spain;11M;36;2008
ALC grup;https://grupoalc.com;Architecture;Spain;3M;76;2010
Freepik;https://freepik.com;Technology;Spain;7M;47;2012
Storytel;https://storytel.co;Media;Sweden;78M;164;2005
ACCENTA Music & P.O.S.;https://accenta.info;Advertising;Germany;3M;13;2006
Groupe Quintesens;https://groupe-quintesens.fr;Financial Services;France;13M;9;2009
Animal Maker;https://animalmaker.es;Advertising;Spain;8M;24;2005
LoveCrafts;https://lovecrafts.com;Ecommerce;United Kingdom;21M;121;2010
Ziegler Group;https://ziegler.global;Transport;Germany;20M;98;2010
MTRAX*;https://multitrax.it;Sales & Marketing;Italy;10M;5;2013
Sociedad Deportiva Eibar;https://sdeibar.com;Travel & Leisure;Spain;42M;87;1940
FraudBuster;https://FraudBuster.mobi;Cyber Security;France;7M;32;2010
Visio Planhaus*;https://visioplanhaus.de;Construction;Germany;10M;15;2013
Exsel IT & Communications;https://exselgroup.com;Technology;United Kingdom;3M;39;2008
exercon sales;https://exercon.de;Energy;Germany;4M;15;2012
Attestation Légale;https://attestationlegale.fr;Support Services;France;3M;53;2010
Caffeina;https://caffeina.com;Advertising;Italy;3M;48;2010
City Shop West Kiosk;https://cityshopwest.de;Retail;Germany;1M;14;2012
Join Contract;https://joincontract.com;Support Services;Spain;8M;12;2008
Oregold;https://oregoldinvestimentioro.it;Precious metals;Italy;23M;2;2011
Kiece;https://kiece.fr;Support Services;France;2M;14;2006
Mint Tower;https://minttowercapital.com;Financial Services;The Netherlands;5M;15;2010
Sublime Skinz;https://sublimeskinz.com;Advertising;France;15M;70;2012
Kreditech Holding SSL;https://kreditech.com;Fintech;Germany;45M;295;2012
Afinna One;https://afinnaone.com;Telecoms;Italy;45M;5;2010
Attrecto;https://attrecto.com;Technology;Hungary;2M;47;2011
Superprof;https://superprof.fr;Education;France;1M;28;2011
Groupe Redman;https://redman.fr;Property;France;41M;40;2007
SFA Transports;https://n/a;Transport;France;2M;12;2012
hajoona;https://hajoona.com;Health;Germany;3M;13;2012
MEP Werke;https://mep-werke.de;Energy;Germany;17M;65;2011
LEYFA Measurement;https://leyfa-measurement.fr;Construction;France;2M;32;2011
DEVUS Autopartner;https://devus.de;Automobiles;Germany;36M;24;2011
SuS Deutschland;https://suselektro.de;Support Services;Germany;2M;55;1980
Cesam;https://cesamcorp.com;Beauty;France;5M;10;2010
Kernel Analytics*;https://kernel-analytics.com;Technology;Spain;3M;42;2013
Akademie für Sport und Gesundheit;https://akademie-sport-gesundheit.de;Health;Germany;2M;15;2010
Rimac Automobili;https://rimac-automobili.com;Automobiles;Croatia;5M;164;2009
Dexga Technologies;https://dexga.com;Technology;Spain;1M;8;2008
LION Smart;https://lionsmart.com;Automobiles;Germany;2M;18;2008
Lottoland*;https://lottoland.co.uk;Games industry;United Kingdom;251M;249;2012
iSpace Informatica;https://emazing.com.es;Technology;Spain;11M;8;2009
Etnia Dreams;https://etniacosmetics.com;Beauty;Spain;5M;200;2012
artos AG;https://artos.ag;Retail;Germany;4M;7;2010
Lemon Way;https://lemonway.com;Fintech;France;6M;56;2007
Net Reviews;https://avis-verifies.com;Support Services;France;2M;23;2012
Crosscall;https://crosscall.com;Technology;France;29M;76;2009
FiloBlu;https://filoblu.com;Ecommerce;Italy;13M;96;2009
TEMPUS Personal;https://tempus-sachsen.de;Support Services;Germany;6M;9;2012
Autodoc;https://autodoc.de;Automobiles;Germany;118M;320;2008
Eden Port*;https://eden-port.com;Personal & Household Goods;France;1M;3;2013
3V Cargo;https://3vcargo.de;Transport;Germany;6M;38;2012
FioulReduc;https://fioulreduc.com;Retail;France;13M;10;2011
Apotea;https://apotea.se;Pharmaceuticals;Sweden;102M;281;2012
MotorK Italia;https://motork.io;Sales & Marketing;Italy;10M;118;2010
Elle Moda;https://pianetaoutlet.it;Ecommerce;Italy;2M;5;2012
Silmares Inversiones;https://pisamonas.es;Fashion;Spain;5M;31;2012
Funiglobal;https://funidelia.info;Ecommerce;Spain;10M;45;2012
Chevalier Technologies;https://chevaliertechnologies.com;Automobiles;United Kingdom;7M;35;2008
Cloudcall Group;https://cloudcall.com;Technology;United Kingdom;5M;89;2012
WBP;https://dewarens.fr;Retail;France;3M;4;2010
Fonix;https://fonix.com;Fintech;United Kingdom;55M;19;2006
BlÃ¡scar;https://blascar.com;Construction;Spain;9M;80;1980
Travellanda;https://Travellanda.com;Travel & Leisure;United Kingdom;60M;40;2010
Boa Concept;https://boaconcept.com;Technology;France;6M;14;2012
convent energy;https://convent-energy.com;Support Services;Germany;7M;262;2007
Crestanevada;https://crestanevada.es;Automobiles;Spain;3M;8;2012
GreenTech Distribution;https://greentechplc.co.uk;Telecoms;United Kingdom;192M;28;2010
Le Slip Français ;https://leslipfrancais.fr;Fashion;France;7M;34;2011
LW Solutions;https://laserwiresolutions.com;Industrial Goods;United Kingdom;1M;14;2011
Consorzio delle Tecnologie;https://consorziodelletecnologie.it;Technology;Italy;5M;1;2006
EFC Norge;https://efcnorge.no;Construction;Estonia;8M;118;2011
Verdnatura Levante;https://verdnatura.es;Retail;Spain;27M;126;2003
Eleanor;https://eleanor-wine.com;Food & Beverage;The Netherlands;4M;5;2012
Red Badger Consulting;https://red-badger.com;Management Consulting;United Kingdom;8M;78;2010
Eredi Rossini Domenico;https://eredirossinidomenico.com;Construction;Italy;17M;4;1977
iZettle;https://izettle.com;Fintech;Sweden;67M;290;2010
Victor;https://flyvictor.com;Travel & Leisure;United Kingdom;36M;55;2010
Lotto24;https://lotto24-ag.de;Games industry;Germany;22M;79;2010
SanaBio;https://sanabio.de;Chemicals;Germany;2M;6;2012
Plug In Digital;https://plug-in-digital.com;Games industry;France;3M;7;2012
Town and Country Vibro*;https://townandcountryvibro.co.uk;Construction;United Kingdom;4M;35;2013
SARL Kapulis;https://n/a;Retail;France;2M;5;2011
Augustin Bau;https://augustinbau.com;Construction;Germany;7M;50;1995
Activos Concursales;https://eactivos.com;Support Services;Spain;3M;14;2009
ZOOT Group;https://zoot.cz;Retail;Czech Republic;26M;700;2012
Trencadis;https://trencadis.ro;Technology;Romania;4M;36;2007
Atlante;https://atlante.fr;Management Consulting;France;2M;13;2011
Milk the Sun;https://milkthesun.de;Energy;Germany;2M;16;2012
Vest Massivhaus;https://vest-massivhaus.de;Construction;Germany;3M;8;2012
Premium Treppenlifte;https://premium-treppenlifte.com;Construction;Germany;2M;8;2004
i Live Holding;https://i-live.de;Construction;Germany;68M;100;2010
Greenstorm mobility;https://greenstorm.eu;Ecommerce;Austria;3M;34;2010
Gruppo Europeo di Ortodonzia*;https://geoortodonzia.it;Health;Italy;1M;15;2013
C & J Direct;https://cjdirect.de;Retail;Germany;14M;54;2002
Ennismore;https://ennismore.com;Travel & Leisure;United Kingdom;17M;73;2012
Appsvision;https://appsvision.fr;Technology;France;5M;40;2011
D. Nava 1961;https://domeniconava.it;Food & Beverage;Italy;6M;n/a;2010
Cotramed*;https://cotramed.com;Transport;Spain;1M;23;2013
Aula Salud;https://aula-salud.com;Education;Spain;5M;26;2008
A-Volute;https://nahimic.com;Technology;France;2M;32;2004
Lexer Abogados;https://lexer.es;Law;Spain;16M;137;2001
M2energie;https://m2energie.com;Energy;Germany;2M;25;2012
AER Trading*;https://aer-trading.com;Food & Beverage;France;2M;1;2013
House To House;https://housetohouse.eu;Sales & Marketing;Italy;6M;18;2012
Trak Global Group;https://trakglobalgroup.com;Technology;United Kingdom;26M;223;2009
What's Beef Assets*;https://whatsbeef.de;Restaurants;Germany;4M;110;2013
Tekdōm;https://tekdom.es;Construction;Spain;2M;14;2011
Ludilabel;https://ludilabel.fr;Retail;France;1M;14;2011
Davricourt;https://davricourt.com;Management Consulting;France;16M;200;2011
ShowTruckMarketing;https://showtruck-marketing.com;Advertising;Germany;4M;12;2009
SK Servicios;https://skservicios.es;Architecture;Spain;1M;10;2005
Join Business MC*;https://joinbusinessmc.com;Management Consulting;Italy;2M;20;2013
Neon Diagnostics;https://neondiagnostics.co.uk;Health;United Kingdom;5M;12;2011
Testbirds;https://testbirds.de;Technology;Germany;4M;85;2011
Pam Mobility;https://pammobility.com;Health;Italy;1M;6;2010
Joii Sushi*;https://joiisushi.com;Food & Beverage;United Kingdom;19M;19;2012
Griffin Markets Group;https://griffinmarkets.com;Financial Services;United Kingdom;12M;26;2011
Dogu AS;https://dogu.io;Technology;Norway;1M;15;2011
Tiendeo Web Marketing;https://tiendeo.com;Sales & Marketing;Spain;4M;75;2011
G.I.A. Consulting*;https://giaconsulting.it;Support Services;Italy;2M;10;2013
Greendonkey;https://greendonkey.de;Ecommerce;Germany;2M;9;2011
CH Montferrer*;https://n/a;Retail;Spain;8M;52;2013
Azuri Technologies;https://azuri-technologies.com;Technology;United Kingdom;2M;20;2012
myElefant;https://myelefant.com;Sales & Marketing;France;4M;21;2010
ProfixSystemleasing;https://profixsystemleasing.de;Automobiles;Germany;4M;5;2008
Obelisk Legal Support Solutions;https://obelisksupport.com;Law;United Kingdom;2M;7;2010
Flat Iron Steak;https://flatironsteak.co.uk;Restaurants;United Kingdom;9M;157;2012
Le Petit Vapoteur;https://lepetitvapoteur.com;Retail;France;24M;45;2012
Tixalia Worldwide;https://tixalia.com;Travel & Leisure;Spain;4M;8;2011
Aprotecnic;https://aprotecnic.com;Architecture;Spain;4M;84;2010
Alameda;https://alameda.com.es;Restaurants;Spain;2M;45;2011
H & D HolzTec;https://holztec.de;Construction;Germany;3M;2;2000
Estructuras Arqué©;https://estructurasarque.com;Construction;Spain;7M;37;2001
Ozaroo;https://ozaroo.com;Ecommerce;United Kingdom;10M;8;2010
Creotech Instruments S.A.;https://creotech.pl;Technology;Poland;1M;32;2008
SFAM;https://assurances-sfam.fr;Insurance;France;134M;600;1999
Mr. Wonderful Comunication;https://mrwonderful.es;Ecommerce;Spain;30M;72;2011
Trustly;https://trustly.com;Fintech;Sweden;32M;150;2008
e-r-s materials;https://e-r-s.eu;Retail;Germany;7M;5;2008
TenderHut SA;https://tenderhut.com;Technology;Poland;2M;26;2010
InnovaMaxx (Sportstech);https://innovamaxx.de;Retail;Germany;8M;33;2012
richtigstrom;https://richtigstrom.de;Energy;Germany;18M;10;2006
Procemo;https://procemo.com;Support Services;France;2M;35;2012
BookingBug;https://bookingbug.co.uk;Technology;United Kingdom;5M;63;2008
Lazer Lamps;https://lazerlamps.com;Automobiles;United Kingdom;2M;18;2010
FBG;https://blendplants.com;Industrial Goods;Italy;3M;15;2011
Acondistec;https://acondistec.de;Retail;Germany;9M;13;2004
Xpose360;https://xpose360.de;Advertising;Germany;2M;30;2009
Jobzone Deutschland;https://jobzone-deutschland.de;Support Services;Germany;3M;91;2011
FFG FINANZCHECK Finanzportale;https://finanzcheck.de;Financial Services;Germany;26M;165;2009
DoveConviene;https://shopfullygroup.com;Advertising;Italy;11M;134;2011
BASELABS;https://baselabs.de;Automobiles;Germany;2M;27;2012
Rendimiento Verde;https://rendimientoverde.com;Support Services;Spain;3M;12;2006
Adyoulike;https://adyoulike.com;Advertising;France;13M;80;2011
OEM Defence Services;https://oemdefenceservices.com;Aerospace & Defence;France;31M;8;2008
Kleine Riesen Nord;https://littlegiants.de;Education;Germany;4M;90;2011
zadego;https://easybooking.at;Travel & Leisure;Austria;2M;57;2008
Better Globe;https://betterglobe.com;Agricultural commodities;Norway;3M;2;2006
Reanova;https://reanova.fr;Construction;France;1M;17;2010
Taksee;https://taksee.com;Transport;Spain;4M;9;2010
BlueGlass Interactive UK;https://blueglass.co.uk;Sales & Marketing;United Kingdom;1M;14;2012
50 Factory;https://50factory.com;Automobiles;France;1M;13;2010
Incubethic;https://incubethic.fr;Energy;France;2M;15;2009
SIRE Life Sciences;https://sire-search.com;Management Consulting;The Netherlands;8M;60;2012
Psykoterapiakeskus Vastaamo;https://vastaamo.fi;Health;Finland;5M;160;2008
OptiFol;https://optifol.de;Industrial Goods;Germany;6M;7;2012
Deporvillage;https://deporvillage.com;Ecommerce;Spain;22M;45;2010
New Wave Capital;https://capitalontap.com;Fintech;United Kingdom;10M;71;2012
Disko;https://disko.fr;Media;France;10M;93;2010
Ingenova Norte;https://ingenova.pro;Construction;Spain;6M;34;2010
Zopa;https://zopa.com;Fintech;United Kingdom;40M;188;2004
Wabel;https://wabel.com;Retail;France;3M;30;2010
BMF Bauwerkerhaltungs;https://bmf-beton.de;Construction;Germany;6M;15;2008
BBB (Good Goût);https://goodgout.fr;Agricultural commodities;France;9M;24;2010
ASAP Italia;https://superscommesse.it;Media;Italy;1M;31;2010
Ecogreenenergy;https://ecogreenenergy.fr;Waste management & recycling;France;2M;17;2008
89grad;https://89grad.ch;Technology;Switzerland;3M;22;2010
Easybill (Sellsy);https://sellsy.fr;Technology;France;2M;39;2009
Clean Air Technologies;https://catsas.com;Support Services;France;2M;7;2011
Movetia Digital;https://movetia.com;Fintech;Spain;2M;47;2011
Hexad;https://hexad.de;Technology;Germany;18M;45;2010
Ego Bodegas;https://egobodegas.com;Food & Beverage;Spain;3M;9;2011
Planiv Projektbau;https://planiv-projektbau.de;Construction;Germany;3M;6;1999
Younited Credit;https://younited-credit.com;Fintech;France;9M;190;2009
Rokla*;https://rockwheel.com;Industrial Goods;Germany;4M;18;2013
Enpire;https://enpire.pl;Transport;Poland;4M;55;2011
JFR;https://jfr-sas.fr;Construction;France;6M;33;2006
Eurotone;https://druckertanke-berlin.de;Ecommerce;Germany;2M;17;2005
Iprotect;https://iprotect.de;Ecommerce;Germany;18M;45;2011
Hartung & Ludwig;https://hartung-ludwig.de;Construction;Germany;2M;27;2009
Catapult Enterprises (Propercorn);https://propercorn.com;Food & Beverage;United Kingdom;12M;39;2011
Lovli;https://lovli.it;Sales & Marketing;Italy;1M;11;2012
Ethica Corporate Finance;https://ethica-group.com;Financial Services;Italy;5M;10;2009
Terma Energia;https://termaenergia.it;Industrial Goods;Italy;1M;17;2006
IN AUDITO;https://inaudito.de;Advertising;Germany;6M;19;2011
Comcertrans*;https://n/a;Agricultural commodities;Spain;4M;5;2013
SupperFood;https://supperfood.nl;Food & Beverage;The Netherlands;5M;8;2008
easysparen;https://easybution.de;Retail;Germany;25M;11;2009
Stüve Straßenbau;http://www.stueve-strassenbau.de/;Construction;Germany;2M;18;1995
Districlos Holding;https://districlos.com;Retail;France;5M;30;2010
Universal Iberland;https://universaliberland.com;Food & Beverage;Spain;16M;3;2004
Giglio.com;https://giglio.com;Ecommerce;Italy;5M;15;2007
Treasury Intelligence Solutions;https://tis.biz;Technology;Germany;4M;63;2010
Thodacon Werkzeugmaschinenschutz;https://thodacon.de;Industrial Goods;Germany;3M;9;2012
Alps Residence Holidayservice;https://alps-residence.com;Travel & Leisure;Austria;4M;40;2011
neusta consulting;https://neusta-consulting.de;Support Services;Germany;52M;36;2007
Expera Conseils Holding;https://experaconseils.fr;Management Consulting;France;1M;14;2010
Stadtkiosk Julius Frilling*;https://stadtkiosk-frilling.de;Retail;Germany;2M;43;2013
ThinClient24;https://thinclient24.eu;Retail;Germany;5M;11;2011
English Worldwide;https://abaenglish.com;Education;Spain;9M;71;2007
Vizolution;https://vizolution.co.uk;Technology;United Kingdom;4M;93;2008
Ebury;https://ebury.com;Financial Services;United Kingdom;43M;387;2009
I-Directo Mayorista;https://idirecto.es;Retail;Spain;9M;10;2012
Fekra Consulting;https://fekra-group.com;Management Consulting;France;3M;38;2008
Sarigato sp. z. o.o.;https://sarigato.com;Advertising;Poland;2M;42;2011
Digilinx;https://http:/www.digilinx.fr/;Support Services;France;2M;6;2011
Riccardo Retail*;https://riccardo-zigarette.de;Retail;Germany;12M;47;2013
Hanzo Studio;https://hanzo.es;Technology;Spain;4M;19;2009
FJ Trading*;https://jomodo.de;Ecommerce;Germany;9M;8;2013
ViennaEstate Immobilien AG;https://http:/www.viennaestate.com/;Property;Austria;2M;9;2008
Experium Nax Group;https://experium-nax.com;Management Consulting;France;2M;16;2012
Nettbureau AS;https://nettbureau.no;Ecommerce;Norway;2M;8;2011
Matooma;https://matooma.com;Telecoms;France;5M;29;2012
Grupa TENSE;https://grupa-tense.pl;Advertising;Poland;1M;60;2011
Drone Volt;https://dronevolt.com;Aerospace & Defence;France;6M;36;2011
SNS - Saturn Networking Solutions;https://sns.at;Technology;Austria;4M;5;1997
e-Novia;https://e-novia.it;Technology;Italy;2M;39;2012
Accentro Real Estate;https://accentro.ag;Property;Germany;156M;33;1993
LEAD energy;https://lead-energy.com;Retail;Germany;4M;24;2003
TEAMWILLE;https://teamwille.com;Management Consulting;Germany;5M;45;2004
Mucaj Tiefbau;https://mucaj.de;Construction;Germany;2M;26;1979
Instantor;https://instantor.com;Fintech;Sweden;1M;30;2010
O2Feel Bikes;https://o2feel.com;Personal & Household Goods;France;6M;16;2010
Quill Content;https://quillcontent.com;Sales & Marketing;United Kingdom;3M;29;2011
Termotecnica Cavatton*;https://n/a;Construction;Italy;3M;22;2013
Forsis;https://forsis.fr;Financial Services;France;3M;10;2009
Memodo*;https://memodo.de;Energy;Germany;20M;20;2013
TouchNote;https://touchnote.com;Ecommerce;United Kingdom;6M;16;2007
Smartadserver;https://smartadserver.com;Advertising;France;65M;172;2005
Delta Capita;https://deltacapita.com;Management Consulting;United Kingdom;5M;60;2009
Deinoa;https://deinoasl.com;Construction;Spain;2M;64;2012
Neomouv;https://neomouv.com;Personal & Household Goods;France;7M;12;2009
Kinderpflegedienst.com Karlsruhe;https://kinderpflegedienst.com;Health;Germany;4M;198;2012
Vitedelair;https://vitedelair.com;Media;France;1M;9;2011
Emmetek*;https://emmeteksrl.it;Industrial Goods;Italy;2M;14;2013
COYO;https://coyoapp.com;Technology;Germany;4M;42;2010
Herring GmbH;https://herring-spareparts.com;Automobiles;Germany;8M;7;2011
FMB Engineering*;https://fmb-e.de;Telecoms;Germany;4M;36;2013
Young Digitals;https://youngdigitals.com;Advertising;Italy;2M;50;2010
Emmayli;https://mamagetzner.com;Retail;France;8M;12;2011
eRowz;https://erowz.com;Advertising;Belgium;2M;17;2011
Boycor;https://boycor.com;Management Consulting;Spain;3M;134;2005
Les Films Du Worso;https://lesfilmsduworso.com;Media;France;10M;7;2003
Median Technologies;https://mediantechnologies.com;Technology;France;6M;93;2002
STX Next Sp. Zo.o;https://stxnext.com;Technology;Poland;8M;246;2005
The Lead Agency;https://theleadagency.com;Sales & Marketing;United Kingdom;5M;90;2002
Enloc;https://enloc.de;Energy;Germany;6M;12;2009
LG Invest;https://lginvest.it;Telecoms;Italy;1M;50;2012
Intenta;https://intenta.de;Technology;Germany;11M;160;2010
KBS Group;https://kbs-group.de;Support Services;Germany;11M;400;2010
EPI Group;https://epigroupe.com;Support Services;France;5M;12;2002
Logisan;https://logisan.it;Health;Italy;19M;11;2004
Yogurt Factory;https://yogurtfactory.fr;Agricultural commodities;France;2M;35;2012
Metsys;https://metsys.fr;Technology;France;10M;80;2011
Hypertec Solution;https://hypertecs.it;Industrial Goods;Italy;4M;87;2011
Clabrun;https://clabrun.it;Retail;Italy;3M;23;2000
Media Interactiva Software;https://mediainteractiva.com;Technology;Spain;2M;39;2010
Roc Technologies;https://roctechnologies.com;Support Services;United Kingdom;29M;54;2011
Leask (Powerplanetonline);https://powerplanetonline.com;Ecommerce;Spain;11M;31;2004
Raven Logistic;https://palettenversand.com;Transport;Germany;3M;34;2012
Monterail;https://monterail.com;Technology;Poland;1M;36;2010
Happiny Food;https://happinyfood.de;Food & Beverage;Germany;3M;6;2010
Sphere Immo;https://sphere-immo.com;Property;France;3M;5;2011
Touch Associates;https://touchassociates.com;Sales & Marketing;United Kingdom;33M;69;2009
fleXstructures;https://flexstructures.com;Technology;Germany;2M;15;2012
Green Giraffe;https://green-giraffe.eu;Financial Services;The Netherlands;13M;55;2010
Manifone;https://manifone.com;Telecoms;France;3M;11;2006
Green Energy Options (Geo);https://geotogether.com;Technology;United Kingdom;26M;56;2006
Tropic Skincare;https://tropicskincare.com;Beauty;United Kingdom;15M;80;2011
Enra Group;https://enragroup.co.uk;Financial Services;United Kingdom;47M;79;2002
HISERT;https://hisert.de;Retail;Germany;17M;5;2011
Bulk Powders;https://bulkpowders.co.uk;Ecommerce;United Kingdom;28M;95;2006
Innovasoft;https://innovasoftspa.it;Technology;Italy;1M;22;2011
Rivers Finance Group;https://riversleasing.com;Financial Services;United Kingdom;2M;8;2002
Podium Engineering;https://podiumengineering.com;Support Services;Italy;1M;11;2011
Inovefa;https://inovefa.com;Property;France;2M;30;2012
Air Cargo Professionals (ACP);https://acpdus.com;Transport;Germany;7M;8;2011
getBEST Personalservice*;https://getbest.at;Support Services;Austria;3M;100;2013
CharliDiscount.com;https://charlidiscount.com;Retail;France;1M;1;2009
Sofidys;https://sofidys.com;Technology;France;16M;2;2008
Tecnip*;https://tecnip.com;Industrial Goods;Italy;11M;27;2013
Alternatyva;https://alternatyva.it;Telecoms;Italy;4M;20;2006
Ghilardi Selezioni;https://ghilardiselezioni.com;Food & Beverage;Italy;1M;4;2011
Ellipse Dentale*;https://ellipsedentale.fr;Health;France;1M;7;2013
Dreischtrom;https://dreischtrom.de;Energy;Germany;4M;7;2010
Bulpros Consulting;https://bulpros.com;Technology;Bulgaria;16M;1083;2010
IQ Finance;https://iqfinance.co.uk;Financial Services;United Kingdom;3M;2;2002
GBV Taucha mbH;https://wota-online.de;Property;Germany;2M;2;1991
Buyingpeers;https://buyingpeers.com;Management Consulting;France;7M;75;2012
Net World Sports;https://networldsports.co.uk;Retail;United Kingdom;15M;62;2009
CaamaÃ±o, Concheiro & Seoan;https://ccsabogados.com;Law;Spain;4M;68;2002
Seven Stars Marina & Shipyard;https://7starsms.eu;Travel & Leisure;Italy;7M;17;2012
Mifarma;https://mifarma.es;Pharmaceuticals;Spain;14M;33;2011
whatchado;https://whatchado.com;Support Services;Austria;2M;48;2011
KKRUT Sociala Tjänster;https://familjehemmenkrut.se;Health;Sweden;6M;95;2010
Lioncourt Homes;https://lioncourthomes.com;Property;United Kingdom;66M;71;2006
Pequeños y Medianos Astilleros;https://pymar.com;Construction;Spain;5M;21;1985
die kreArtisten;https://diekreartisten.com;Support Services;Germany;2M;26;2012
Avocadostore;https://avocadostore.de;Ecommerce;Germany;9M;16;2010
ZANATTA media group;https://zanatta.de;Advertising;Germany;1M;4;2010
Infinity Reliance;https://my1styears.com;Retail;United Kingdom;7M;63;2009
Reputation VIP;https://reputationvip.com;Support Services;France;1M;22;2012
Nature Dog;https://naturedog.fr;Retail;France;2M;8;2010
McGinley Human Resources;https://mcginleygroup.co.uk;Support Services;United Kingdom;140M;75;2010
Utopia Lab;https://utopialab.it;Support Services;Italy;1M;9;2008
Ratesetter;https://ratesetter.com;Fintech;United Kingdom;28M;222;2010
Lithoz;https://lithoz.com;Technology;Austria;2M;30;2011
Bernina France;https://bernina-france.fr;Personal & Household Goods;France;2M;n/a;1991
Balyo;https://balyo.com;Technology;France;5M;72;2005
Humanus Personalservice*;https://humanus-personalservice.de;Support Services;Germany;5M;140;2013
The Office Group;https://theofficegroup.co.uk;Property;United Kingdom;85M;202;2003
Sweet Punk;https://sweetpunk.com;Media;France;2M;19;2012
L'Exception;https://lexception.com;Retail;France;3M;21;2011
Dag1;https://dag1.nl;Support Services;The Netherlands;3M;17;2012
EXPERT-Security;https://expert-security.de;Ecommerce;Germany;10M;30;2007
Sos Tariffe;https://sostariffe.it;Financial Services;Italy;5M;14;2010
Bygglet;https://bygglet.com;Technology;Sweden;2M;18;2010
Paymentsense;https://paymentsense.co.uk;Fintech;United Kingdom;73M;203;2008
12Build;https://12build.com;Construction;The Netherlands;2M;27;2007
Al Kamel Systems;https://alkamelsystems.com;Technology;Spain;5M;13;2006
Logisseo;https://logisseo.com;Transport;France;1M;16;2011
Luca Tic;https://luca-tic.com;Technology;Spain;5M;180;2010
Aiuken solutions;https://aiuken.com;Cyber Security;Spain;3M;25;2012
Rafa Grau Transports;https://rafagrautransport.com;Transport;Spain;6M;39;2005
Tu SÃºper Purchase;https://supermercadostusuper.com;Retail;Spain;4M;49;2006
Tokiota;https://tokiota.com;Technology;Spain;4M;64;2012
MetalVenice;https://metalvenice.it;Automobiles;Italy;2M;57;1999
Theodo;https://theodo.fr;Support Services;France;13M;99;2007
Stillfront Group;https://stillfront.com;Games industry;Sweden;10M;96;2010
Inside Ideas Group;https://oliver.agency;Advertising;United Kingdom;91M;438;2003
Bannerflow;https://bannerflow.com;Advertising;Sweden;4M;42;2010
Satis TT;https://satistt.fr;Support Services;France;8M;323;2012
Ilumax Led Solutions;https://ilumax.es;Retail;Spain;2M;16;2011
gastronovi;https://gastronovi.de;Restaurants;Germany;1M;30;2011
A & L Logistics & Trade;https://al-logistics.eu;Transport;Germany;3M;33;2012
Bagjump Action Sports;https://bagjump.com;Technology;Austria;5M;9;2009
Kasadenn;https://kasadenn.fr;Transport;France;2M;37;2011
Wool Warehouse Direct;https://woolwarehouse.co.uk;Ecommerce;United Kingdom;8M;41;2012
Aalgaard Bygg;https://aalgaardbygg.no;Property;Norway;6M;12;2011
Techpump;https://techpump.com;Technology;Spain;11M;29;2012
Northvale Construction;https://northvaleconstruction.co.uk;Construction;United Kingdom;15M;30;2008
Civitatis Tours;https://civitatis.com;Travel & Leisure;Spain;17M;24;2011
ZukunftsEnergie Fichtelgebirge;https://zef-buergerbeteiligung.de;Energy;Germany;2M;1;2011
Opus Professional Services Group;https://opuspsg.com;Support Services;United Kingdom;76M;139;2008
Winergia;https://winergia.com;Energy;France;2M;27;2012
ApisSys;https://apissys.com;Technology;France;4M;12;2009
Freaks 4U Gaming;https://freaks4u.de;Advertising;Germany;7M;90;2011
Cristaux & Couleurs;https://cristaux-couleurs.com;Retail;France;3M;30;2010
Netguru;https://netguru.co;Technology;Poland;6M;206;2008
Amiltone;https://amiltone.com;Support Services;France;7M;135;2012
Devisubox;https://devisubox.com;Technology;France;3M;38;2006
Weezevent;https://weezevent.com;Travel & Leisure;France;88M;37;2008
Vibor-A Padel;https://viborapadel.com;Retail;Spain;1M;8;2011
Fevertree Drinks;https://fever-tree.com;Food & Beverage;United Kingdom;125M;48;2005
RENEWA;https://renewa.de;Energy;Germany;7M;19;2010
BTL Logistik;https://btl-logistikgmbh.de;Transport;Germany;4M;100;2012
VR Telecom;https://vrtelecom.es;Telecoms;Spain;94M;12;2010
Smart Battery Solutions;https://smart-battery-solutions.de;Batteries;Germany;3M;29;2010
Hadrian Technology;https://hadriantechnology.co.uk;Cyber Security;United Kingdom;6M;11;1999
Volontè & Co;https://volonte-co.com;Media;Italy;3M;11;2008
Staircraft Integrated Solutions;https://staircraft-ltd.co.uk;Construction;United Kingdom;32M;196;1995
doIT solutions;https://doit-solutions.de;Technology;Germany;3M;15;2010
10Clouds;https://10clouds.com;Technology;Poland;3M;87;2011
Sibaltron Experiences;https://etuyo.com;Ecommerce;Spain;7M;8;2009
Yélé Consulting;https://yele.fr;Energy;France;4M;40;2010
Trent Construction Services;https://trentcs.com;Construction;United Kingdom;6M;18;2012
Eleven Labs;https://eleven-labs.com;Support Services;France;5M;62;2011
Ulabox;https://ulabox.com;Ecommerce;Spain;7M;53;2010
Richter lighting technologies;https://richter-lt.de;Technology;Germany;23M;150;1994
Tremend;https://tremend.com;Technology;Romania;3M;86;2005
Nanobit;https://nanobit.co;Games industry;Croatia;7M;67;2008
IT Resellers Group;https://itresellers.be;Sales & Marketing;Belgium;6M;4;2008
Horizon Group;https://horizongroup.it;Sales & Marketing;Italy;1M;13;2008
Digital Legends Entertainment;https://digital-legends.com;Games industry;Spain;8M;61;2001
SociaNOVA;https://socianova.com;Technology;France;1M;19;2012
Con-Tex;https://con-tex-gmbh.eu;Transport;Germany;2M;8;2012
Expo Speed*;https://expospeed.de;Transport;Germany;2M;5;2013
Voxpro**;https://voxprogroup.com;Support Services;Ireland;60M;1699;2004
Oxford Summer Courses;https://oxfordsummercourses.com;Education;United Kingdom;2M;4;2012
Finepower;https://finepower.com;Energy;Germany;21M;44;2001
Blickfang Media;https://blickfangmedia.de;Advertising;Germany;2M;17;2012
Satenco;https://satenco.com;Retail;France;2M;2;2011
Lithos Industrial Minerals;https://lithos-minerals.at;Industrial Goods;Austria;3M;12;2005
Maximum Media;https://maximummedia.ie;Media;Ireland;6M;70;2010
Techbau;https://techbau.it;Construction;Italy;139M;54;2010
Lugar Da Veiga;https://daveiga.es;Food & Beverage;Spain;2M;25;2005
Bodeboca;https://bodeboca.com;Ecommerce;Spain;5M;23;2010
FRES architectes;https://fres.fr;Construction;France;2M;20;2004
Trippus;https://trippus.com;Technology;Sweden;7M;20;2000
BT3 AIH;https://bt3.at;Construction;Austria;10M;22;2012
Infinum d.o.o.;https://infinum.co;Technology;Croatia;2M;78;2005
FashCom;https://fashcom.nl;Ecommerce;The Netherlands;3M;24;2011
IBOTECH;https://ibotech.eu;Transport;Germany;12M;59;2007
batterium;https://autobatterienbilliger.de;Retail;Germany;10M;27;2011
La Balcheta Reciclaje;https://labalcheta.com;Waste management & recycling;Spain;4M;18;2012
Logando Display & Media Solutions;https://logando.de;Support Services;Germany;5M;40;2008
Bebeboutik;https://bebeboutik.com;Retail;France;8M;30;2012
Be-Cloud;https://be-cloud.fr;Technology;France;1M;25;2012
Inrete;https://in-rete.net;Support Services;Italy;2M;13;2010
white label eCommerce;http://the-white-label.com/en/home-en/;Ecommerce;Germany;2M;32;2012
Gizmo Retail;https://gizmo-retail.nl;Personal & Household Goods;The Netherlands;2M;4;2008
Cross Cargo Logistics;https://cross-cargo.eu;Transport;Austria;8M;12;2002
Ashworth and Parker;https://endclothing.com;Ecommerce;United Kingdom;82M;274;2009
Esprit Digital;https://espritdigital.com;Technology;United Kingdom;9M;11;2002
Contis Group;https://contis.com;Fintech;United Kingdom;8M;86;2008
Yellow Star Solutions;https://yellowstar.com;Technology;The Netherlands;4M;58;2009
Bakken & Baeck;https://bakkenbaeck.com;Technology;Norway;3M;40;2011
Bibars;https://bibars.fr;Food & Beverage;France;13M;7;2008
Giggling Restaurants;https://https:/www.gigglingsquid.com/;Restaurants;United Kingdom;21M;294;2002
Piazza Copernico;https://piazzacopernico.it;Education;Italy;1M;11;2006
Adtraction Marketing;https://adtraction.com;Advertising;Sweden;20M;12;2007
Super Heraut;https://super-heraut.fr;Media;France;1M;1;2012
CMORE Automotive;https://cmore-automotive.de;Automobiles;Germany;9M;130;2011
Selectra;https://selectra.info;Retail;France;9M;400;2007
Arkphire;https://arkphire.com;Technology;Ireland;52M;48;2011
Geniem;https://geniem.fi;Technology;Finland;2M;35;2000
Blue Consult;https://blue-consult.de;Technology;Germany;27M;56;2004
Prepaid Financial Services;https://prepaidfinancialservices.com;Financial Services;United Kingdom;51M;42;2007
Global Support Services (GSS);https://global-support.org;Support Services;United Kingdom;4M;110;2010
Azzure IT;https://azzure-it.com;Technology;United Kingdom;4M;47;2011
Tecodata;https://tecodata.fr;Support Services;France;2M;n/a;2003
Coconut Business;https://tropicai.com;Food & Beverage;Germany;7M;28;1994
CEOS Obras y Servicios;https://grupoceos.com;Construction;Spain;5M;47;2007
Emedec;https://emedec.com;Industrial Goods;Spain;9M;30;1998
Javista;https://javista.com;Support Services;France;4M;36;2005
Le Monde Après Openwork;https://lemonde-apres.com;Support Services;France;12M;107;2010
Croud Inc;https://croud.com;Sales & Marketing;United Kingdom;9M;83;2011
Frost Canarias;https://rincondelpan.es;Food & Beverage;Spain;3M;74;2012
Pay Job Interim;https://payjob.fr;Support Services;France;2M;8;2007
James and James Fulfilment;https://ecommercefulfilment.com;Ecommerce;United Kingdom;6M;60;2010
Synesthesia;https://synesthesia.it;Technology;Italy;2M;23;2011
Predica Sp. z o.o.;https://predica.pl;Support Services;Poland;3M;50;2009
Santafixie Group;https://santafixie-group.com;Ecommerce;Spain;2M;13;2011
Blinklearning;https://blinklearning.com;Education;Spain;2M;58;2010
Welland Power;https://wellandpower.net;Energy;United Kingdom;23M;24;2010
EgeSun;https://morgenland.bio;Food & Beverage;Germany;40M;74;2000
Europäische Schule RheinMain;https://es-rm.eu;Education;Germany;12M;139;2011
Ampacimon;https://ampacimon.com;Industrial Goods;Belgium;2M;12;2010
Spotify;https://spotify.com;Media;Sweden;2933M;2162;2006
Oro arte;https://oroarte.it;Precious metals;Italy;17M;5;2011
Ethic Technology;https://http:/www.ethic-technology.com/ethic/;Technology;France;1M;4;2012
MentorMaterassi;https://mentormaterassi.it;Ecommerce;Italy;3M;5;2009
Nacatur 2;https://nacatur2.com;Retail;Spain;5M;10;2008
Decoración Vintage;https://decoracionvintage.es;Retail;Spain;2M;16;2002
HUMANAS;https://humanas.de;Energy;Germany;8M;163;2006
Kerlink;https://kerlink.com;Telecoms;France;14M;78;2004
Just Eat;https://justeatplc.com;Technology;United Kingdom;459M;2373;2009
Miquido Sp. z o.o. Sp.k.;https://miquido.com;Technology;Poland;2M;72;2011
Featurespace;https://featurespace.com;Fintech;United Kingdom;1M;62;2005
Ventura Global;https://venturaglobal.com;Financial Services;Italy;5M;3;2011
The Media Image;https://the-media-image.com;Advertising;United Kingdom;22M;28;2009
Castor & Pollux;https://castoretpollux.com;Media;France;3M;35;2010
Mobile Baustrassen Ruiter;https://ruiter-baustrassen.de;Construction;Germany;4M;5;2012
Kronos Group SPRL;https://kronosgroup.be;Management Consulting;Belgium;5M;40;2011
Paseo Marketing;https://paseo-marketing.de;Advertising;Germany;6M;10;2005
Kesmer;https://kesmer.at;Construction;Austria;2M;44;2011
Workstreampeople (Anywhere365);https://workstreampeople.com;Technology;The Netherlands;7M;32;2012
Midstream Energy*;https://midstreamlighting.com;Industrial Goods;United Kingdom;1M;4;2009
Cubro Acronet;https://cubro.net;Telecoms;Austria;4M;14;2003
new Sales;https://newsales24.de;Energy;Germany;5M;37;2010
Heol Commercialisation;https://heol-com.fr;Industrial Goods;France;3M;5;2008
Sipwise;https://sipwise.com;Telecoms;Austria;4M;35;2008
Gigas;https://gigas.com;Technology;Spain;4M;69;2011
Energineo;https://energineo-led.com;Technology;France;2M;15;2009
PoTec Vertriebs;https://autoteile-werkzeuge.de;Ecommerce;Germany;4M;19;2009
Beck Bau Schlüsselfertig;https://beck-schluesselfertig.de;Construction;Germany;8M;9;2012
LEOshoes;https://leoshoes.it;Fashion;Italy;59M;301;2010
Showcase Interiors;https://showcase-interiors.co.uk;Sales & Marketing;United kingdom;28M;44;2007
Falcon Green Personnel;https://falcongreen.co.uk;Support Services;United Kingdom;27M;21;2012
Regulatory Finance Solutions;https://rfs.co.uk;Management Consulting;United Kingdom;54M;52;2005
Managed 24/7;https://managed.co.uk;Technology;United Kingdom;8M;48;2009
Relojitos Euromediterranea;https://relojitos.com;Ecommerce;Spain;4M;5;2012
Uptoo;https://uptoo.fr;Support Services;France;9M;65;2005
AdhexPharma;https://adhexpharma.com;Pharmaceuticals;France;9M;44;2007
K3 Capital Group;https://k3capitalgroupplc.com;Financial Services;United Kingdom;12M;73;2007
Taunus Hausbau;https://taunus-hausbau.de;Construction;Germany;5M;9;2011
S.I.T.I.M.;https://sitimsrl.com;Industrial Goods;Italy;5M;25;2008
Oxeltis;https://oxeltis.com;Chemicals;France;1M;15;2010
Slagkryssaren Aktiebolag;https://slagkryssaren.com;Support Services;Sweden;3M;23;2011
eMerus (HR2day);https://hr2day.com;Technology;The Netherlands;2M;25;2010
Tresmes Eco Activa;https://tresmes.com;Education;Spain;2M;209;2010
laNatur;https://lanatur.de;Food & Beverage;Germany;3M;4;1994
X4 Group;https://x4group.co.uk;Support Services;United Kingdom;23M;71;2008
Biogroupe;https://biogroupe.com;Agricultural commodities;France;3M;26;2010
Adservio;https://adservio.fr;Support Services;France;5M;98;2010
Pronto Service;https://prontoservice.de;Food & Beverage;Germany;12M;4;2011
Loro Fruit Lonigro Group;https://n/a;Agricultural commodities;Italy;2M;110;2011
AXSOL;https://axsol.fr;Retail;France;1M;8;2010
M2.;https://m2dot.com;Technology;Germany;2M;12;2009
VisiConsult;https://visiconsult.com;Industrial Goods;Germany;12M;53;1996
G5 Entertainment;https://g5e.com;Games industry;Sweden;54M;299;2001
Nexteria;https://nexteria.it;Support Services;Italy;6M;193;2011
Device Insight;https://device-insight.com;Technology;Germany;7M;50;2003
PicturePeople;https://picturepeople.de;Advertising;Germany;10M;300;2010
labo.art;https://laboart.com;Fashion;Italy;1M;6;2009
Uwe Nickut;https://uwe-nickut.de;Support Services;Germany;4M;75;2012
Third Bridge Group;https://thirdbridge.com;Financial Services;United Kingdom;60M;449;2007
Sternzeit Media;https://sternzeit.de;Advertising;Germany;3M;10;2009
Componosollertia;https://aitenet.com;Industrial Goods;Spain;3M;14;1997
FME Frachtmanagement Europa;https://fmeuropa.de;Transport;Germany;12M;30;2009
alphanet;https://alpha-net.at;Technology;Austria;3M;8;2012
CO.NET;https://conet24.com;Support Services;Germany;2M;19;2001
Diamond Logistics;https://diamondlogistics.co.uk;Transport;United Kingdom;9M;13;1992
Considerati;https://considerati.com;Management Consulting;The Netherlands;2M;11;2007
GS Star;https://gsstar-hotels.de;Travel & Leisure;Germany;9M;68;2011
App Dynamic;https://airserver.com;Technology;Iceland;1M;7;2012
Vey Versorgungstechnik;https://vey.koeln;Construction;Germany;6M;60;1955
Send For Help;https://sendforhelp.com;Support Services;United Kingdom;9M;70;2010
AlphaSights;https://alphasights.com;Support Services;United Kingdom;81M;343;2008
Park One;https://park-one.com;Transport;Germany;6M;48;2005
Rcube;https://rcube-lyon.com;Construction;France;1M;9;2008
Josef HÃ¶ller;https://hoeller-grosskuechen.com;Restaurants;Austria;3M;16;1998
Redegal;https://redegal.com;Ecommerce;Spain;2M;56;2004
X7-telecom;https://x7-telecom.de;Telecoms;Germany;23M;26;2011
KFK Konrad;https://pruefservice-kfk.de;Support Services;Germany;5M;61;1993
Obiz concept;https://obiz.fr;Sales & Marketing;France;1M;27;2010
Gruppo Elci;https://elci.it;Construction;Italy;9M;68;1977
Affinity S.A.;https://affinity.pt;Support Services;Portugal;4M;143;2012
Tablet Technologies;https://tablettechnologies.com;Technology;United Kingdom;2M;10;2008
QuiÃ±onero Servicios LogÃ­sticos;https://transportesquinonero.com;Transport;Spain;3M;11;2002
The Hyve;https://thehyve.nl;Technology;The Netherlands;3M;40;2012
CARMAO;https://carmao.de;Management Consulting;Germany;2M;15;2003
MEC2;https://livecookintable.de;Interiors;Germany;4M;5;2003
Nordic Panel;https://plattenzuschnitt24.de;Retail;Germany;4M;24;2011
Blackrock Expert Services;https://blackrockexpertservices.com;Construction;United Kingdom;32M;75;2009
SNK System;https://snksystem.com;Technology;Spain;4M;9;1997
GOGY;https://sarl-gogy.fr;Construction;France;1M;13;2004
Paramount Haulage;https://paramounthaulage.com;Transport;United Kingdom;1M;13;2007
Saxowert Immobilien;https://saxowert.de;Property;Germany;4M;5;2007
ARSATEC;https://arsatec.de;Property;Germany;26M;22;1996
Prima Retail (bigtex);https://bigtex.de;Retail;Germany;4M;30;2003
Waldbach Fulfillment Logistik;https://waldbach-logistik.de;Transport;Germany;6M;140;2012
BERICON;https://bericon.de;Telecoms;Germany;2M;10;2011
Niese Caravan;https://niese-caravan.de;Automobiles;Germany;5M;10;2003
Joe & Seph's;https://Joeandsephs.com;Food & Beverage;United Kingdom;4M;60;2010
Onsella Global Services;https://onsella.com;Transport;Spain;11M;22;2005
Accesa IT Consulting;https://accesa.eu;Technology;Romania;3M;115;2004
Solar Supply Sweden;https://solarsupply.se;Energy;Sweden;5M;7;2011
Manain Elevació;https://manainelevacio.com;Industrial Goods;Spain;5M;19;2006
Padel Nuestro;https://padelnuestro.com;Retail;Spain;6M;13;2010
Argentus;https://argentus-re.de;Energy;Germany;3M;14;2011
RES REI;https://resrei.com;Fashion;Italy;1M;4;2011
Spideo;https://spideo.tv;Technology;France;1M;20;2010
NewVoiceMedia;https://newvoicemedia.com;Technology;United Kingdom;38M;341;2000
shopware;https://shopware.de;Ecommerce;Germany;11M;110;2000
TeamTO;https://teamto.com;Travel & Leisure;France;18M;248;2005
Manolete Partners;https://manolete-partners.com;Financial Services;United Kingdom;5M;7;2011
Optomed Oy;https://optomed.com;Technology;Finland;6M;73;2004
Vulog;https://vulog.com;Technology;France;3M;46;2006
Cap Adresse;https://capadresse.com;Support Services;France;2M;18;2007
Calconut;https://calconut.com;Food & Beverage;Spain;108M;24;2005
HGA Vertriebs GmbH;https://hga-cosmetics.com;Beauty;Germany;9M;19;2004
KMLS Gruppe;https://kmls.de;Energy;Germany;19M;68;2009
KALPA;https://kalpa.it;Technology;Italy;2M;42;2012
belmoto;https://belmoto.de;Automobiles;Germany;5M;16;2009
BeRepublic Networks;https://berepublic.com;Management Consulting;Spain;5M;64;2006
MAK*;https://m-a-k.at;Industrial Goods;Austria;1M;25;2013
Clinipartners;https://clinipartners.eu;Transport;Spain;2M;41;2008
Melvin & Hamilton;https://melvin-hamilton.de;Ecommerce;Germany;17M;86;1983
Xucker;https://xucker.de;Ecommerce;Germany;8M;27;2004
Reinbold Friseur;https://friseur-einkauf.com;Retail;Germany;10M;22;2004
Sempre Analytics;https://sempreanalytics.com;Technology;United Kingdom;5M;18;2011
Mavera;https://mavera.com;Insurance;Sweden;5M;12;2008
Pariani;https://pariani.org;Food & Beverage;Italy;2M;9;2011
Hrpepper;https://hrpepper.de;Management Consulting;Germany;3M;26;2012
LetoMotel;https://letomotel.de;Travel & Leisure;Germany;7M;50;2008
wikifolio Financial Technologies;https://wikifolio.com;Financial Services;Austria;3M;32;2011
GermanPersonnel e-search;https://germanpersonnel.de;Support Services;Germany;7M;52;2002
BeGear;https://begear.it;Support Services;Italy;1M;63;2010
Mind the Value;https://mindthevalue.com;Management Consulting;Italy;2M;20;2011
Welljob;https://welljob.fr;Support Services;France;42M;109;1997
Edition Michael Fischer;https://emf-verlag.de;Advertising;Germany;6M;22;1991
J. Huber;https://j-huber.de;Automobiles;Germany;5M;26;1986
GSM Training & Integration;https://gsm-group.de;Support Services;Germany;28M;600;2008
PrivateFly;https://privatefly.com;Travel & Leisure;United Kingdom;26M;31;2008
Ecometrica;https://ecometrica.com;Technology;United Kingdom;3M;26;2008
EnVersum;https://enversum.de;Energy;Germany;175M;26;2006
Communicate plc;https://communicateplc.com;Technology;United Kingdom;2M;18;2011
RAWOPLAST;https://rawoplast.de;Industrial Goods;Germany;7M;13;2009
Spektrix;https://spektrix.com;Technology;United Kingdom;6M;65;2007
7Layers;https://7layers.it;Cyber Security;Italy;2M;8;2012
Bluecube;https://bluecube.it;Technology;Italy;1M;16;2009
Artialis SA;https://artialis.com;Health;Belgium;2M;21;2010
Cartes & Services;https://cartes-services.fr;Support Services;France;4M;150;2010
SAPELEC;https://sapelec.net;Energy;France;3M;21;1995
E2Evolution;https://zoomalia.com;Retail;France;11M;48;2009
First Utility**;https://first-utility.com;Energy;United Kingdom;1112M;927;2004
DMS Technologie;https://dms-tec.de;Industrial Goods;Germany;5M;18;2010
Frank Recruitment Group;https://frankgroup.com;Support Services;United Kingdom;126M;1000;2006
Marrero Santana e Hijos;https://transportesmarrerosantanaehijos.es;Transport;Spain;2M;65;1997
GreenCity Immobilier;https://greencityimmobilier.fr;Construction;France;12M;53;2011
KOLGA;https://flashsalelogistics.com;Ecommerce;Germany;4M;18;2012
EZS Identtechnik;https://e-z-s.de;Technology;Germany;3M;8;1997
Hidramar;https://hidramar.com;Construction;Spain;12M;56;1990
Ad's up Consulting;https://ads-up.fr;Media;France;3M;37;2012
National Standard;https://nationalstandard.fr;Fashion;France;1M;4;2010
Lineup Systems;https://lineup.com;Technology;United Kingdom;9M;86;2009
IPC Piping;https://ipcpiping.com;Industrial Goods;France;3M;4;2011
Italfrom;https://italfrom.com;Ecommerce;Italy;3M;11;2010
Qualitance;https://qualitance.com;Technology;Romania;6M;162;2007
Alpenschloessl;https://wellnessresort.it;Travel & Leisure;Italy;7M;71;1998
Prodigioso VolcÃ¡n;https://prodigiosovolcan.com;Advertising;Spain;2M;40;2010
Ede Holdings;https://edehomes.co.uk;Property;United Kingdom;21M;21;1964
Gapps Oy;https://gapps.fi;Technology;Finland;1M;21;2010
Hightex Verstärkungsstrukturen ;https://hightex-dresden.de;Technology;Germany;5M;53;1998
Housesimple;https://housesimple.com;Property;United Kingdom;2M;45;2007
Panenka;https://agence-panenka.com;Media;France;1M;2;2012
Bon Plan;https://agencebonplan.fr;Media;France;4M;10;2007
PVZ Srl;https://callmewine.com;Ecommerce;Italy;3M;6;2010
Aspens Services;https://aspens-services.co.uk;Food & Beverage;United Kingdom;30M;1259;2008
BaseTIS;https://basetis.com;Management Consulting;Spain;6M;188;2009
Greenproject Italia;https://greenprojectitalia.it;Beauty;Italy;2M;12;2011
Gearhouse Actis;https://gearhouseactis.com;Media;France;3M;13;1991
Readie Construction;https://readieconstruction.co.uk;Construction;United Kingdom;124M;90;2007
GBC Containers;https://gbcgrupo.es;Transport;Spain;1M;24;2010
CÃ¡rnicas Discarpe;https://n/a;Retail;Spain;3M;6;2011
Avenir développement Durable;https://alertgasoil.com;Technology;France;4M;41;2009
Builders and Partners;https://buildersandpartners.com;Property;France;12M;100;2010
Inside Group;https://insidegroup.fr;Technology;France;12M;190;2012
BXR IndustrieService;https://bxr-group.de;Support Services;Germany;3M;130;2006
Sekai Nature;https://sekainature.com;Agricultural commodities;Spain;9M;8;2010
Colorful Trade;https://colorfultrade.de;Fashion;Germany;3M;12;2012
SaleCycle;https://salecycle.com;Technology;United Kingdom;14M;145;2010
SK World;https://skworld.es;Retail;Spain;5M;5;2011
CentroMedico Santagostino;https://cmsantagostino.it;Health;Italy;15M;139;2006
Medeland Events;https://medeland.es;Advertising;Spain;1M;9;2010
Deflomas Eyewear;https://deflomas.it;Sales & Marketing;Italy;2M;3;2009
inventiva;https://inventivapharma.com;Chemicals;France;9M;107;2011
Gepp's;https://gepps.de;Retail;Germany;3M;129;2012
Techteam;https://fr-techteam.com;Support Services;France;2M;31;2009
Endosmart;https://endosmart.com;Health;Germany;4M;50;2002
GPP Communication;https://gpp-com.de;Technology;Germany;2M;16;2007
Medilog;https://medilog-hamburg.de;Health;Germany;5M;41;2010
ÃlamoConsulting;https://alamoconsulting.com;Management Consulting;Spain;13M;146;2007
BOLDInt;https://boldint.com;Technology;Portugal;14M;502;2009
Generalmarine;https://generalmarine.it;Telecoms;Italy;1M;11;2010
eXXpozed;https://exxpozed.de;Ecommerce;Germany;15M;69;2010
CouteauxduChef.com;https://couteauxduchef.com;Retail;France;1M;4;2009
FMad;https://fmad.fr;Media;France;2M;10;2012
WIESE Tischlerei + Brandschutzbau;https://wtb-brandschutzbau.de;Construction;Germany;1M;20;2007
Adhunter;https://adzuna.co.uk;Ecommerce;United Kingdom;7M;49;2010
Eliraweb;https://eliraweb.fr;Media;France;2M;8;2007
ETS;https://etsingegneria.it;Construction;Italy;2M;11;2005
Mesauda Milano;https://mesaudacosmetics.it;Beauty;Italy;11M;20;2004
Equal Experts;https://equalexperts.com;Technology;United Kingdom;83M;91;2007
i-systems;https://i-systems.net;Ecommerce;Poland;2M;86;2002
E-WALD;https://e-wald.eu;Support Services;Germany;2M;17;2012
Quote Devil;https://QuoteDevil.ie;Insurance;Ireland;2M;45;2006
Target Spa;https://panedore.it;Food & Beverage;Italy;5M;29;1999
Capitole Gestion Patrimoine;https://cagepat.fr;Financial Services;France;2M;40;2012
Little Green House;https://littlegreenhouse.ch;Education;Switzerland;5M;110;2011
Dolce Milano;https://dolcemilano.eu;Food & Beverage;Italy;10M;6;2012
concentrade;https://concentrade.de;Technology;Germany;9M;26;1997
F.H. Wheel Center;https://premio-dresden.de;Automobiles;Germany;11M;34;2012
Rebional;https://rebional.de;Food & Beverage;Germany;12M;133;2010
Alterfood;https://alterfood.fr;Agricultural commodities;France;4M;15;2009
JDX Holdings;https://jdxconsulting.com;Financial Services;United Kingdom;27M;289;2010
Bluetree Design & Print;https://bluetreegroup.co.uk;Ecommerce;United Kingdom;32M;252;1999
Petitdidierprioux;https://petitdidierprioux.com;Property;France;2M;15;2004
Feefo Holdings;https://feefo.com;Technology;United Kingdom;9M;82;2010
Safety21 S.p.A.;https://safety21.it;Technology;Italy;11M;24;2011
Firma Brand Communication;https://wearefirma.com;Advertising;Spain;4M;37;2006
Flexmind;https://flexmind.fr;Support Services;France;5M;43;2011
Sylvide;https://sylvide.fr;Transport;France;1M;8;2011
Turbodynamics;https://turbodynamics.de;Technology;Germany;2M;16;2006
3G Soluciones Movilidad;https://3gmg.com;Technology;Spain;1M;21;2005
Insitumed;https://insitumed.com;Health;Germany;8M;23;2000
Arkgrove;https://mandale.com;Property;United Kingdom;11M;59;1982
Between;https://between.com;Support Services;The Netherlands;77M;29;2000
Urquiola;https://patriciaurquiola.com;Architecture;Italy;5M;16;2004
Enegan;https://enegan.it;Energy;Italy;191M;92;2010
EURL Vauvert Froger;https://n/a;Retail;France;4M;16;2011
Medspa;https://miamo.com%20|%20nutraiuvens.com;Retail;Italy;2M;11;2006
2008 SM Motor;https://smmotor.es;Retail;Spain;3M;8;2009
alpitronic;https://alpitronic.it;Technology;Italy;3M;24;2009
Goodfellow & Goodfellow;https://goodf.co.uk;Food & Beverage;United Kingdom;6M;26;2011
All Now;https://all-now.it;Support Services;Italy;4M;18;2011
Your World Recruitment Group;https://yourworldrecruitmentgroup.com;Support Services;United Kingdom;143M;295;2005
OD Projects (Holdings);https://od-group.com;Construction;United Kingdom;92M;98;2004
Laboratorio La Vallonea;https://laboratoriolavallonea.net;Health;Italy;2M;57;2009
Lafourmi;https://lafourmi.biz;Media;France;3M;35;2007
Kinougarde;https://kinougarde.com;Education;France;18M;620;2010
MMN;https://mmn.it;Cyber Security;Italy;29M;45;1989
Workplace Futures Group;https://modusgroup.com;Construction;United Kingdom;67M;68;2007
RC Team;https://rcteam.fr;Retail;France;3M;7;2005
Riese und Müller;https://r-m.de;Personal & Household Goods;Germany;38M;170;1996
Spoon Gastronomie;https://mantis-roofgarden.de;Restaurants;Germany;4M;112;2006
BiologoN;https://biolifestyle.at;Food & Beverage;Austria;7M;49;2010
Astree Software;https://astree-software.fr;Technology;France;1M;15;2011
Pitchup.com;https://pitchup.com;Ecommerce;United Kingdom;2M;9;2008
ICONT;https://icont.it;Industrial Goods;Italy;12M;33;2007
MA Provider;https://maprovider.com;Management Consulting;Italy;3M;15;2010
Primo;https://primo-gmbh.com;Technology;Germany;2M;15;2005
MedComplet;https://medcomplet.de;Health;Germany;5M;34;2007
Grüner Fisher Investments;https://gruener-fisher.de;Financial Services;Germany;18M;113;1999
Pharma Quality Europe;https://http:/www.pqegroup.com/;Support Services;Italy;24M;229;1998
PRO Seniors;https://pro-seniors.fr;Support Services;France;9M;439;2007
Ürbag;https://urbag.ws;Advertising;Spain;4M;9;2010
Cesam Seed;https://cesamseed.com;Technology;France;2M;30;2010
DoveVivo;https://dovevivo.it;Property;Italy;11M;54;2007
Hundt Consult;https://hundt-consult.de;Property;Germany;3M;34;2008
Straka 3-D Lasertechnik;https://straka3d-lasertechnik.de;Technology;Germany;2M;19;2012
Gomintec;https://gomintec.com;Construction;Spain;2M;11;2006
Brice Mugnier Bâtiment;https://maconnerie-mugnier.fr;Construction;France;2M;10;2011
Moyseafood;https://moyseafood.com;Food & Beverage;Spain;44M;84;2002
Fabrienvaf Nuca;https://fabrienvaf.es;Chemicals;Spain;2M;15;1999
Clemens HobbyTec;https://clemens-hobbytec.de;Personal & Household Goods;Germany;6M;9;2008
Hnida Transport & Logistik;https://hnida-logistik.de;Transport;Germany;7M;80;2011
Moravia;https://moravia.com;Support Services;Czech Republic;143M;1215;1990
bg filtration*;https://https:/www.bg-filtration.de/english/;Industrial Goods;Germany;3M;23;2013
acmeo;https://acmeo.eu;Technology;Germany;11M;63;2009
Premier Technical Services Group;https://ptsg.co.uk;Support Services;United Kingdom;47M;401;2006
Consultake;https://consultake.com;Management Consulting;France;4M;22;2006
Interactivo Tres Development;https://quieroenvasar.com;Personal & Household Goods;Spain;2M;4;2008
CVBF;https://cvbf.net;Pharmaceuticals;Italy;2M;16;2000
Galenicum Special Ingredients;https://galenicum.com;Health;Spain;8M;9;2010
SMC Social Media Communications;https://https:/www.socialmediacom.at/;Advertising;Austria;1M;11;1990
AspiraCon (Aspira);https://aspira.ie;Technology;Ireland;5M;52;2007
faro IMPORT EXPORT;https://faro.de;Telecoms;Germany;15M;30;1997
Catbird Seat;https://catbirdseat.de;Advertising;Germany;10M;64;2009
TMB Logistik;https://tmb-logistik.de;Transport;Germany;15M;45;2011
Tiger Grip Engineering;https://tigergrip.com;Fashion;France;1M;6;2008
TETRO;https://tetro.fr;Media;France;1M;5;2010
Ngage Media;https://ngagemedia.nl;Media;The Netherlands;7M;14;2010
Media Sapiens Spain;https://mediasapiens.es;Advertising;Spain;6M;18;2010
Duetti Packaging;https://duettipackaging.com;Industrial Goods;Italy;11M;44;2008
Selenium Medical;https://selenium-medical.com;Health;France;4M;52;2008
Industrialisation et Développement;https://n/a;Automobiles;France;6M;25;1988
Vo2 Group;https://vo2-group.com;Support Services;France;13M;80;2005
Buratti;https://buratti.at;Food & Beverage;Austria;3M;12;1993
Arcure;https://arcure.net;Technology;France;2M;18;2009
CONTENTSERV;https://contentserv.de;Technology;Germany;14M;210;1999
NCD Ingredients*;https://ncd-ingredients.de;Chemicals;Germany;4M;8;2013
HT&T Consulting;https://htt.it;Support Services;Italy;1M;6;2000
Extendam;https://extendam.com;Financial Services;France;18M;23;2012
Thomas Business Spain;https://tbspain.es;Personal & Household Goods;Spain;8M;2;2012
Wallix;https://wallix.com;Cyber Security;France;7M;64;2003
Styleboom Textilhandel;https://77onlineshop.de;Ecommerce;Germany;26M;110;2009
a&g automation and gears;https://aundg.com;Industrial Goods;Germany;2M;5;2004
Atollspeed;https://atollspeed.eu;Industrial Goods;Austria;4M;7;2011
Autoland PPAT;https://autoland.tirol;Automobiles;Austria;9M;25;2006
Massarius;https://massarius.com;Advertising;The Netherlands;3M;10;2012
Superior;https://superior-electronics.com;Technology;Italy;2M;4;2011
BILTON International;https://biltongroup.com;Technology;Austria;8M;63;2010
Harmony Aerospace France;https://harmony-aero.com;Aerospace & Defence;France;7M;11;2012
Green Man Gaming;https://greenmangaming.com;Games industry;United Kingdom;45M;78;2009
The Rentals Collection;https://rentalscollection.com;Travel & Leisure;Spain;2M;9;2012
GAR Wirtschaftsprüfung;https://gar-wpg.com;Financial Services;Germany;2M;17;2009
Exceltic;https://exceltic.com;Technology;Spain;12M;231;2005
Cichon Personalmanagement;https://cichon-pm.de;Support Services;Germany;9M;26;2009
Herzog Leasing;https://herzog-leasing.ag;Financial Services;Germany;10M;8;2006
Serfri Trucks;https://sfrtrucks.com;Transport;Spain;17M;38;2007
Adam Soft;https://adam-soft.de;Retail;Germany;13M;35;1995
dynamic commerce;https://dc-solution.de;Technology;Germany;2M;36;2010
SARL A3B Cuisines Maxima;https://cuisinesmaximabordeaux.fr;Retail;France;1M;8;2006
LBBZ GmbH;https://lbbz.de;Automobiles;Germany;12M;89;1991
Cirruseo;https://cirruseo.com;Technology;France;4M;36;2011
mit-uns GmbH Personaldienstleist.;https://mit-uns.eu;Support Services;Germany;12M;600;2007
Af Pack;https://af-pack.de;Support Services;Germany;29M;44;2008
OPW Ingredients;https://opw-ingredients.com;Food & Beverage;Germany;19M;25;2012
ES Global;https://esglobalsolutions.com;Travel & Leisure;United Kingdom;11M;13;2012
Intelligence Partner;https://intelligencepartner.com;Technology;Spain;6M;60;2009
Motivation Direct;https://motivationdirect.pl;Sales & Marketing;Poland;3M;15;2010
Agello Service;https://agello.de;Support Services;Germany;10M;479;2009
Sixsentix;https://sixsentix.com;Technology;Switzerland;7M;111;2013
Nectere;https://nectere.org;Support Services;United Kingdom;36M;55;2010
Via Numerica;https://via-numerica.net;Telecoms;France;3M;14;2005
Bennetts Cranes;https://tower-crane.co.uk;Construction;United Kingdom;13M;30;2008
Steinmüller;https://steinmueller.biz;Fashion;Germany;2M;16;2007
EYPro Mugrauer & Schnele;https://eypro.de;Industrial Goods;Germany;2M;14;2009
PacWan;https://pacwan.net;Telecoms;France;5M;21;2010
i-Alarmsysteme;https://i-alarmsysteme.at;Technology;Austria;9M;21;2008
Audley Group;https://https:/www.audleyvillages.co.uk/;Property;United Kingdom;113M;464;2004
Schoofs Immobilien;https://schoofs-frankfurt.de;Property;Germany;21M;39;2006
One Day;https://onedaygroup.it;Media;Italy;9M;50;2009
Nettowelt;https://nettowelt.de;Financial Services;Germany;3M;8;2010
Lucas UK;https://lucasuk.com;Construction;United Kingdom;36M;44;2010
Reisch Sprengtechnik;https://reischsprengtechnik-gmbh.de;Construction;Germany;2M;19;1999
2win SRL;https://eco-shopper.it;Industrial Goods;Italy;2M;2;2009
Marcel&fils;https://https:/www.marcel-et-fils.com;Retail;France;33M;155;2008
DCforData;https://dcfordata.com;Technology;France;1M;6;2011
Cargo International;https://cargointernational.de;Transport;Germany;4M;10;2012
WITO;https://wito.pro;Construction;France;2M;17;2010
KSG Logistics;https://ksg-logistics.eu;Transport;Austria;6M;9;2012
persofort PDL;https://persofort.de;Support Services;Germany;4M;135;2011
gevekom;https://gevekom.de;Support Services;Germany;9M;380;2006
Autohaus Liebe;https://liebeautos.de;Automobiles;Germany;21M;30;2000
E+Service+Check;https://e-service-check.de;Support Services;Germany;5M;95;2010
Privis;https://privis.at;Property;Austria;4M;45;2012
DTS;https://diamond-toolingsystems.com;Industrial Goods;Germany;4M;31;2009
energysolutions24;https://energysolutions24.de;Energy;Germany;4M;10;2008
e-LOGIK;https://e-logik.fr;Transport;France;5M;26;2008
Amido;https://amido.com;Technology;United Kingdom;6M;55;2010
For 4 You;https://for4you.at;Ecommerce;Austria;2M;18;2004
APRIL;https://april.studio;Advertising;Italy;2M;5;2008
PHMG;https://phmg.com;Advertising;United Kingdom;35M;420;1998
Quanteam;https://quanteam.fr;Financial Services;France;54M;617;2007
QOS Energy;https://qosenergy.com;Technology;France;1M;25;2010
Prianto;https://prianto.com;Retail;Germany;56M;56;2005
MG Handel;https://metallhandel-berlin.de;Industrial Goods;Germany;6M;6;2006
Bnova;https://bnova.it;Technology;Italy;2M;35;2006
(R)Evolution Voyages;https://r-evolutionvoyages.com;Travel & Leisure;France;7M;15;2006
Panel Sandwich Group;https://panelsandwich.com;Retail;Spain;3M;6;2009
Woodall Nicholson Holdings*;https://woodall-nocholson.co.uk;Automobiles;United Kingdom;41M;249;2013
Badtunna Skärgårdstunnan;https://www.skargards.com/se/badtunna/kundservice/;Personal & Household Goods;Sweden;4M;11;2010
STRATO Personal;https://strato-personal.de;Support Services;Germany;4M;8;2010
Consense;https://consense-as.de;Transport;Germany;3M;8;2010
Finlibera;https://finlibera.it;Property;Italy;2M;7;2011
DFT Deutsche Finetrading;https://dft-ag.de;Financial Services;Germany;15M;10;2011
PROFINO;https://profino.net;Retail;Germany;3M;9;2011
E.L.V.I.S. Teilladungssystem;https://elvis-ag.com;Transport;Germany;19M;31;2010
BÃ¼romarkt BÃ¶ttcher;https://bueromarkt-ag.de;Ecommerce;Germany;216M;300;2001
MOO Print;https://moo.com;Media;United Kingdom;91M;392;2004
BOS AMÉNAGEMENT;https://www.bos-amenagement.com/;Interiors;France;2M;8;2007
Flowmon Networks;https://flowmon.com;Cyber Security;Czech Republic;5M;51;2007
Longitude Research**;https://longitude.co.uk;Media;United Kingdom;5M;22;2011
Dexturis-Bau;https://dexturis.de;Construction;Germany;8M;8;2008
IXDS;https://ixds.com;Advertising;Germany;6M;80;2009
GPF Lewis;https://gpflewis.co.uk;Construction;United Kingdom;25M;33;2006
Benjamins;https://benjamins.it;Technology;Italy;2M;7;2009
Fiagon;https://fiagon.de;Health;Germany;7M;69;2007
Everyman Media Group;https://everymancinema.com;Travel & Leisure;United Kingdom;36M;600;1933
EcoGam;https://ecogam.fr;Waste management & recycling;France;4M;11;2008
SeboTherm;https://sebotherm.de;Construction;Germany;6M;36;2012
SBPprocess;https://sbprocess.fr;Technology;France;2M;10;2009
Compax Software Development;https://compax.at;Technology;Austria;16M;125;2004
Viajes Insular;https://viajesinsularcorporativo.com;Travel & Leisure;Spain;12M;85;1961
Tesi Industrial Europa;https://veserkal.com;Industrial Goods;Spain;4M;54;1996
AT Solution Partner;https://atsp.com;Technology;Austria;6M;36;2002
L'Aromatika Srl;https://caffeborbone.it;Food & Beverage;Italy;7M;91;1996
Imprendiroma;https://imprendiroma.it;Construction;Italy;2M;17;2008
BHT;https://bhtsrl.com;Industrial Goods;Italy;1M;12;2011
Aldovea;https://aldoveacatering.com;Restaurants;Spain;1M;18;2010
l&b solutions;https://lb-solutions.de;Management Consulting;Germany;4M;35;2010
Occarent;https://n/a;Transport;France;3M;2;2011
Smart Garden Products;https://sgpuk.com;Personal & Household Goods;United Kingdom;33M;62;2003
Casta;https://castasrl.it;Industrial Goods;Italy;19M;95;2005
JeChange;https://jechange.fr;Support Services;France;11M;37;2007
Northwave Security;https://northwave-security.com;Cyber Security;The Netherlands;3M;35;2006
London Wall Partners;https://londonwallpartners.com;Financial Services;United Kingdom;2M;18;2012
Fleetpool;https://fleetpool.de;Automobiles;Germany;24M;21;2008
SecurSAT;https://secursat.eu;Support Services;Italy;4M;25;2012
REAX Transporte;https://reax-transporte.de;Transport;Germany;11M;70;2013
Efficio;https://efficioconsulting.com;Management Consulting;United Kingdom;58M;289;2000
ERT European Road Trucking;https://european-road-trucking.eu;Transport;Germany;8M;13;2011
Pro-Liberis;https://pro-liberis.org;Education;Germany;10M;350;2006
Ding;https://ding.com;Fintech;Ireland;460M;196;2006
Eurofirms;https://eurofirms.es;Support Services;Spain;236M;490;1991
Stand by Me;https://standbyme.tv;Media;Italy;10M;203;2010
Meilleurtaux;https://meilleurtaux.com;Financial Services;France;54M;323;1999
Harwell Management;https://harwell-management.com;Management Consulting;France;16M;80;2008
Endava;https://endava.com;Technology;United Kingdom;185M;3471;2006
EURO M.A.R.;https://euromarlaspezia.com;Travel & Leisure;Italy;8M;157;2001
Principle Holdings;https://principleglobal.com;Management Consulting;United Kingdom;183M;454;1987
Reticulae;https://reticulae.com;Sales & Marketing;Spain;9M;375;2007
Solten Business International;https://http:/www.solten.com/;Support Services;Ireland;1M;23;2008
reedit (ediths);https://ediths.at;Ecommerce;Austria;3M;40;2010
Domainex;https://domainex.co.uk;Pharmaceuticals;United Kingdom;8M;65;2001
Araner TecnologÃ­as;https://araner.com;Energy;Spain;4M;25;2012
Compuwave;https://compuwave.de;Technology;Germany;16M;21;2007
O.K. Energie Haus;https://ok-haus.at;Construction;Austria;3M;24;2004
Aletheia Personalservice;https://aletheia-personal.de;Support Services;Germany;7M;315;2011
BS Logistic & Consulting;https://bs-expresslogistik.de;Transport;Germany;6M;48;2012
Infranorm Technologie;https://infranorm.com;Industrial Goods;Austria;7M;13;2004
Arnold Personalservice;https://arnold-ps.de;Support Services;Germany;3M;87;2012
MEBAG;https://mebag-bau.de;Construction;Germany;4M;23;2012
KRUSTO;https://krusto.de;Technology;Germany;5M;15;2008
Aroma Zone;https://aroma-zone.com;Chemicals;France;52M;82;1986
Ciar SpA;https://ciar.it;Industrial Goods;Italy;34M;110;1979
Evolution People;https://evolutionpeople.it;Advertising;Italy;3M;15;2011
Click Travel;https://clicktravel.com;Support Services;United Kingdom;194M;142;1999
blau direkt;https://blaudirekt.de;Fintech;Germany;27M;112;2000
BB Pack;https://bb-pack.de;Industrial Goods;Germany;28M;15;2008
Omar Park Homes;https://omar.co.uk;Construction;United Kingdom;46M;379;1965
Pets Nature;https://petsnature.de;Ecommerce;Germany;14M;17;1999
TEMP.Service;https://tempservice.de;Support Services;Germany;3M;95;2012
Castlefield Partners;https://castlefield.com;Financial Services;United Kingdom;4M;31;2002
Urban Linker;https://urbanlinker.com;Support Services;France;2M;28;2009
VICRIS;https://vicris.it;Chemicals;Italy;4M;5;1989
FUTURECOM Austria GmbH;https://futurecom-world.com;Support Services;Austria;2M;6;2013
Digital Republic Media Group;https://digitalrepublic.com;Advertising;Germany;7M;30;2003
Jorge A. GÃ³mez Rebollo;https://n/a;Restaurants;Spain;3M;87;1997
Bioburger;https://bioburger.fr;Restaurants;France;1M;16;2011
