active_group_links,active_group_names,distributor_links,distributor_names,former_group_links,former_group_names,founded,founders,hangul,industry,key_people,key_people_links,link,locations,name,other_names,parternship_links,parternship_names,socials,soloist_links,soloist_names,subsidiary_links,subsidiary_names,type,websites
,,,Dreamus,,,2021,,,Music,,,https://kpop.fandom.com/wiki/131_Label,"Seoul, South Korea",131 Label,,,,"https://www.facebook.com/131labelofficial,https://www.instagram.com/official131label/,https://soundcloud.com/user-337673291,https://twitter.com/131_label_,https://www.youtube.com/channel/UC-_-SGJ5Zkq-MtppuOJoNvw",https://kpop.fandom.com//wiki/B.I,B.I,,,Subsidiary,
,,,Genie Music,,,February 2019,,에이엔터테인먼트,,,,https://kpop.fandom.com/wiki/A_Entertainment,"Seoul, South Korea",A Entertainment,,,,"https://www.instagram.com/official.aent/,https://twitter.com/Aplusent2021,https://www.youtube.com/channel/AEntertainmentOfficial",,,,,Unlisted,
,,,,,,"November 2, 2018",,에잇디엔터테인먼트,,,,https://kpop.fandom.com/wiki/8D_Entertainment,"Seoul, South Korea",8D Entertainment,,,,https://www.instagram.com/8dent.official/,"https://kpop.fandom.com//wiki/Kang_Ye_Seul,https://kpop.fandom.com//wiki/Kang_Hye_Won","Kang Ye Seul,Kang Hye Won",,,Private,
https://kpop.fandom.com//wiki/REDSQUARE,REDSQUARE,,MUSIC&NEW,,,March 2020,,,,,,https://kpop.fandom.com/wiki/About_Entertainment,"Seoul, South Korea",About Entertainment,,,,"https://www.facebook.com/aboutent.offical,https://www.instagram.com/aboutent.offical/,https://twitter.com/about_ent,https://www.youtube.com/channel/UCDw3HCcT01B8A037zTQoo9g",https://kpop.fandom.com//wiki/Lina_(REDSQUARE),BLENN,,,Private,
,,,,,,"February 1, 2010",,,,,,https://kpop.fandom.com/wiki/2ABLE_Company,"Seoul, South Korea",2ABLE Company,,,,"https://www.facebook.com/2ablecompany,https://www.instagram.com/2ABLEcompany_official/,https://twitter.com/2ABLE_MAN,https://www.youtube.com/user/2ABLECOMPANY",,,,,Unlisted,
https://kpop.fandom.com//wiki/MAP6,MAP6,,,,,2017,Lee Jong Seok,,,,,https://kpop.fandom.com/wiki/All-S_Company,"Seoul, South Korea",All-S Company,,,,"https://www.facebook.com/ALLS.COM.OFFICIAL,https://www.instagram.com/allscom_official/,https://twitter.com/alls_company,https://www.youtube.com/channel/UCjFn5_50M4MuQ2bW7O3tjEQ",,,,,Private,
https://kpop.fandom.com//wiki/WOW_(group),WOW,,,,,August 2017,,,,,,https://kpop.fandom.com/wiki/A.CONIC,"Seoul, South Korea",A.CONIC,,,,https://www.instagram.com/a_conic_official/,,,,,Private,
,Urban Zakapa,,Kakao Entertainment,,,"January 17, 2019",,어비스컴퍼니,,,,https://kpop.fandom.com/wiki/ABYSS_Company,"Seoul, South Korea",ABYSS Company,,,,"https://www.facebook.com/ABYSSCOMPANY,https://www.instagram.com/official_abysscompany/,https://twitter.com/ABYSS_COMPANY,https://www.youtube.com/channel/UCihqDiBUjaLOK2cPd_qg9EQ",,,,,Private,
"https://kpop.fandom.com//wiki/VAV,https://kpop.fandom.com//wiki/BugAboo","VAV,bugAboo",,,,,2015,,,,,,https://kpop.fandom.com/wiki/A_team_Entertainment,"Seoul, South Korea",A team Entertainment,AQ Entertainment,,,,https://kpop.fandom.com//wiki/Xiao_(singer),Xiao,,,Private,
,,,,,,2014,Kim Hae-kwon,,,,,https://kpop.fandom.com/wiki/Addiction_Entertainment,"Seoul, South Korea",Addiction Entertainment,,,,"https://www.facebook.com/addictioncrew,https://www.instagram.com/a.d_ent_official/",,,,,Private,
,,,Kakao Entertainment,,,"June 9, 2020",,143엔터테인먼트,"Music,Entertainment,Film,Video Production",,,https://kpop.fandom.com/wiki/143_Entertainment,"Yongsan, Seoul, South Korea",143 Entertainment,,,,"https://www.instagram.com/GTMNY143/,https://twitter.com/GTMNY143,https://www.weibo.com/mi7official",,,,,Private,
,,,,,,"March 24, 2017",,에잇디크리에이티브,,,,https://kpop.fandom.com/wiki/8D_Creative,"Seoul, South Korea",8D Creative,,,,,,,,,Private,
,,,,,,,,,,,,https://kpop.fandom.com/wiki/Big_3_agencies,,Big 3 agencies,,,,,,,,,,
https://kpop.fandom.com//wiki/KNK,KNK,,,,,"July 10, 2019",,220엔터테인먼트,,,,https://kpop.fandom.com/wiki/220_Entertainment,,220 Entertainment,,,,"https://www.instagram.com/220ent_official/,https://twitter.com/220ent_official,https://www.youtube.com/channel/UC3WQF0ncn-vibMy8I1GejWQ","https://kpop.fandom.com//wiki/CheongMyeong,https://kpop.fandom.com//wiki/YunGGI","CheongMyeong,YunGGI",,,Private,
,,,,,,"January 27, 2021",Han Ji-seok,비스킷엔터테인먼트,Entertainment,,,https://kpop.fandom.com/wiki/Biscuit_Entertainment,"Gangnam, Seoul, South Korea",Biscuit Entertainment,,,,"https://www.facebook.com/biscuitent,https://www.instagram.com/biscuitent_official/,https://twitter.com/biscuitent,https://www.weibo.com/biscuitent,https://www.youtube.com/channel/UCA6LfYcYmYWasojBlImESVw",,,,,Private,
https://kpop.fandom.com//wiki/LOONA,LOONA,,Kakao Entertainment,,,"March 22, 2016",,블록베리크리에이티브,,,,https://kpop.fandom.com/wiki/BlockBerryCreative,"Seoul, South Korea",BlockBerryCreative,BBC,,,,,,,,Subsidiary,
"https://kpop.fandom.com//wiki/A.C.E_(boy_group),https://kpop.fandom.com//wiki/Forestella","A.C.E,Forestella",,"Sony Music Korea,Kakao Entertainment",,,"May 5, 2016",,비트 인터렉티브,,,,https://kpop.fandom.com/wiki/Beat_Interactive,"Seoul, South Korea",Beat Interactive,,,,"https://www.instagram.com/beatint0505/,https://twitter.com/beatint0505,https://www.youtube.com/channel/UCWseSH0PA2-4-FseReOpWPA",,,,,Private,
"https://kpop.fandom.com//wiki/8eight,https://kpop.fandom.com//wiki/Source_Music,https://kpop.fandom.com//wiki/BTS,https://kpop.fandom.com//wiki/TXT","8eight,Source Music,BTS,TXT",,"YG PLUS,HYBE",,,2021,,빅히트 뮤직,,,,https://kpop.fandom.com/wiki/BigHit_Music,"Seoul, South Korea",BigHit Music,Big Hit Music,,,"https://www.facebook.com/BIGHIT.MUSIC,https://post.naver.com/my.nhn?memberNo=51325039,https://twitter.com/BIGHIT_MUSIC",https://kpop.fandom.com//wiki/Lee_Hyun,Lee Hyun,,,Subsidiary,
https://kpop.fandom.com//wiki/VIVIZ,VIVIZ,,,,,"September 9, 2021",,빅플래닛메이드,,,,https://kpop.fandom.com/wiki/Big_Planet_Made,"Gangnam-gu, Seoul, South Korea",Big Planet Made,"BPM,Big Planet Made Entertainment",,,"https://www.facebook.com/BigPlanetMade,https://www.instagram.com/bpm_ent_official/,https://twitter.com/bpmentofficial,https://www.youtube.com/channel/UC6YMr57knEIYXOOKMmYAFXQ","https://kpop.fandom.com//wiki/Soyou,https://kpop.fandom.com//wiki/Huh_Gak,https://kpop.fandom.com//wiki/Ha_Sung_Woon","Soyou,Huh Gak,Ha Sung Woon",,,,
https://kpop.fandom.com//wiki/G-reyish,G-reyish,,,,,2020,,빅오션ENM,,,,https://kpop.fandom.com/wiki/Big_Ocean_ENM,"Seoul, South Korea",Big Ocean ENM,,,,"https://www.facebook.com/%EB%B9%85%EC%98%A4%EC%85%98%EC%9D%B4%EC%97%94%EC%97%A0-102677088468017/,https://www.instagram.com/bigoceanenm/,https://twitter.com/bigoceanenm,https://www.youtube.com/channel/UCr6hzco6egLXTqD2PQ3-kNQ",,,,,Private,
,,,,,,2018,Katie,,,,,https://kpop.fandom.com/wiki/AXIS,South Korea,AXIS,,,,"https://www.facebook.com/axisccp,https://www.instagram.com/axisccp/,https://twitter.com/AXIS_twt_,https://www.youtube.com/channel/UCiVFu98ffX8rVrHVYVY3OzA","https://kpop.fandom.com//wiki/Katie,https://kpop.fandom.com//wiki/Henry","Katie,Henry",,,Unlisted,
https://kpop.fandom.com//wiki/ENHYPEN,ENHYPEN,,"Genie Music,Stone Music Entertainment",,,"September 17, 2018",,빌리프랩,,,,https://kpop.fandom.com/wiki/Belift_Lab,"Seoul, South Korea",Belift Lab,,,,"https://www.facebook.com/BELIFTLAB,https://www.instagram.com/beliftlab/,https://twitter.com/BELIFTLAB",,,,,Subsidiary,
"https://kpop.fandom.com//wiki/T-ARA,https://kpop.fandom.com//wiki/EXID","T-ARA,EXID",,,,,July 2015,Wang Sicong,,,,,https://kpop.fandom.com/wiki/Banana_Culture_Music,"Shanghai, China",Banana Culture Music,,,,,https://kpop.fandom.com//wiki/Meng_Jia,Meng Jia,,,Private,
"https://kpop.fandom.com//wiki/C-CLOWN,https://kpop.fandom.com//wiki/DPR_IAN,https://kpop.fandom.com//wiki/Siwoo_(C-CLOWN),https://kpop.fandom.com//wiki/Ray_(C-CLOWN),https://kpop.fandom.com//wiki/Kangjun,https://kpop.fandom.com//wiki/T.K,https://kpop.fandom.com//wiki/Lee_Jae_Jun,https://kpop.fandom.com//wiki/EXID,https://kpop.fandom.com//wiki/Hani_(EXID),https://kpop.fandom.com//wiki/Jeonghwa,https://kpop.fandom.com//wiki/Hyelin,https://kpop.fandom.com//wiki/Solji,https://kpop.fandom.com//wiki/LE,https://kpop.fandom.com//wiki/TREI,https://kpop.fandom.com//wiki/Lee_Jae_Jun,https://kpop.fandom.com//wiki/Chae_Chang_Hyun,https://kpop.fandom.com//wiki/Kim_Jun_Tae","C-CLOWN,Rome,Siwoo,Ray,Kangjun,T.K,Maru,EXID,Hani,Jeonghwa,Hyelin,Solji,LE,TREI,Lee Jae Jun,Chae Chang Hyun,Kim Jun Tae",,Kakao M,,,1992,,,,,,https://kpop.fandom.com/wiki/Banana_Culture,"Seoul, South Korea",Banana Culture,"Yedang Entertainment Company,Yedang Entertainment,Yedang Company",,,"https://www.facebook.com/bananact,https://www.instagram.com/bananaculture.ent/",,,,,Subsidiary,
,,,Kakao Entertainment,,,1997,,안테나,,,,https://kpop.fandom.com/wiki/Antenna,"Seoul, South Korea",Antenna,,,,"https://www.facebook.com/antennamusics,https://www.instagram.com/antenna_official/,https://post.naver.com/my.nhn?memberNo=30285670,https://tv.naver.com/antenna,https://twitter.com/antennamusic,https://channels.vlive.tv/f52141,https://www.youtube.com/channel/UCwW6D9G9hegNPKYrQ0zivvQ","https://kpop.fandom.com//wiki/Sam_Kim,https://kpop.fandom.com//wiki/Jung_Seung_Hwan,https://kpop.fandom.com//wiki/Lee_Jin_Ah,https://kpop.fandom.com//wiki/Jukjae,https://kpop.fandom.com//wiki/Lee_Mi_Joo","Toy,Lucid Fall,Park Sae Byul,Jung Jae Hyung,Sam Kim,Kwon Jin Ah,Jung Seung Hwan,Lee Jin Ah,Jukjae,Lee Mi Joo",,,,
"https://kpop.fandom.com//wiki/SPICA,https://kpop.fandom.com//wiki/SG_Wannabe","SPICA,SG Wannabe",,,,,2010,Gil Jong Hwa,,,,,https://kpop.fandom.com/wiki/B2M_Entertainment,"Seoul, South Korea",B2M Entertainment,,,,,"https://kpop.fandom.com//wiki/Heo_Young_Saeng,https://kpop.fandom.com//wiki/Kim_Kyu_Jong,https://kpop.fandom.com//wiki/Lee_Hyori,https://kpop.fandom.com//wiki/Eric_Nam,https://kpop.fandom.com//wiki/Nicole","Heo Young Saeng,Kim Kyu Jong,Lee Hyori,Eric Nam,Nicole",,,Subsidiary,
https://kpop.fandom.com//wiki/FAVORITE_(group),FAVORITE,,,,,"January 17, 2014",,,,,,https://kpop.fandom.com/wiki/Astory_Entertainment,"Seoul, South Korea",Astory Entertainment,,,,,,,,,Private,
,,,"Genie Music,Stone Music Entertainment",,,September 2013,Jay Park,,,,,https://kpop.fandom.com/wiki/AOMG,"Seoul, South Korea",AOMG,,,,"https://www.facebook.com/AOMGOFFICIAL,https://www.instagram.com/aomgofficial/,https://soundcloud.com/aomgofficial,https://www.twitch.tv/aomgofficial,https://twitter.com/aomgofficial,https://www.youtube.com/channel/AOMGofficial",,,,,,
https://kpop.fandom.com//wiki/Highlight_(group),Highlight,,,,,"December 9, 2016","Yoon Doojoon,Yong Junhyung,Yang Yoseop,Lee Gikwang,Son Dongwoon",,,,,https://kpop.fandom.com/wiki/Around_US_Entertainment,"Seoul, South Korea",Around US Entertainment,,,,"https://www.instagram.com/ent_aroundus/,https://twitter.com/ent_aroundus",,,,,Private,
,,,OGAM Entertainment,,,"January 13, 2019",,,,,,https://kpop.fandom.com/wiki/DOUBLE_Entertainment,"Seoul, South Korea",DOUBLE Entertainment,H Brothers Entertainment,,,"https://www.instagram.com/_double_entertainment/,https://www.youtube.com/channel/UCx89yX7v37cQ7fchXjqt_mQ",https://kpop.fandom.com//wiki/Miso_(rapper),Miso,,,Private,
"https://kpop.fandom.com//wiki/MAJORS,https://kpop.fandom.com//wiki/Bian","MAJORS,Bian",,Kakao M,,,2019,,,Entertainment,,,https://kpop.fandom.com/wiki/ANS_Entertainment,"Seoul, South Korea",ANS Entertainment,,,,"https://www.instagram.com/official_ans_/,https://www.youtube.com/channel/UCQT2CDn_eV3kpWp5lCszOAA",https://kpop.fandom.com//wiki/Orly,Orly,,,Private,
https://kpop.fandom.com//wiki/Dynamic_Duo,Dynamic Duo,,,,,"August 18, 2006","Choiza,•,Gaeko",,,,,https://kpop.fandom.com/wiki/Amoeba_Culture,"Mapo-gu, Seoul, South Korea",Amoeba Culture,,,,"https://www.facebook.com/amoebakorea,https://www.instagram.com/amoebakorea/,https://post.naver.com/my.nhn?memberNo=amoeba_event,https://www.tiktok.com/@amoebakorea,https://twitter.com/amoebakorea,https://www.youtube.com/c/amoebakorea","https://kpop.fandom.com//wiki/Choiza,https://kpop.fandom.com//wiki/Gaeko,https://kpop.fandom.com//wiki/HA:TFELT,https://kpop.fandom.com//wiki/Snzae,https://kpop.fandom.com//wiki/Sole","Choiza,Gaeko,HA:TFELT,snzae,Sole,Thama,Huh!",,,Independent,
https://kpop.fandom.com//wiki/PIXY,PIXY,,,,,2020,Lee Sang Ho,,,,,https://kpop.fandom.com/wiki/ALLART_Entertainment,South Korea,ALLART Entertainment,ALLARTENTER,,,"https://www.instagram.com/allartent_official/,https://www.youtube.com/channel/UCGGsFs19hOQN2aNixsLJnZQ","https://kpop.fandom.com//wiki/Haroo,https://kpop.fandom.com//wiki/Park_Jung_Min","Haroo,Park Jung Min",,,Private,
,,,Stone Music Entertainment,,,2018,"Scotty Kim,Ray Yeom",,,,,https://kpop.fandom.com/wiki/D-Nation_Entertainment,"Seoul, South Korea",D-Nation Entertainment,,,,,https://kpop.fandom.com//wiki/Park_Bom,Park Bom,,,,
,,,Stone Music Entertainment,,,"September 11, 1999",Shin Seung Hun,,,,,https://kpop.fandom.com/wiki/Dorothy_Company,"Seoul, South Korea",Dorothy Company,,,,"https://www.facebook.com/dorothycp,https://post.naver.com/my.nhn?memberNo=dorothien,https://twitter.com/dorothy_company,https://channels.vlive.tv/D56539,https://www.youtube.com/channel/UCqWep9DNWqFPBAyJaGQ_g4Q",https://kpop.fandom.com//wiki/Rothy,Rothy,,,Private,
,,,,,,"March 23, 1990",,도레미 미디어,,,,https://kpop.fandom.com/wiki/Doremi_Media,"Paju, South Korea",Doremi Media,,,,,,,,,Subsidiary,
,,,,,,2007,"Seong Won Mo,Park Sang Woo",,,,,https://kpop.fandom.com/wiki/Digipedi,"Seoul, South Korea",Digipedi,,,,"https://www.facebook.com/digipedi,https://www.instagram.com/digipedi/",,,,,,
"https://kpop.fandom.com//wiki/APL,https://kpop.fandom.com//wiki/GIRL_CRUSH","APL,GIRL CRUSH",,,,,2014,,,,Kwon Minseo,https://kpop.fandom.com//wiki/Kwon_Minseo,https://kpop.fandom.com/wiki/DAM_Entertainment,"Seoul, South Korea",DAM Entertainment,,,,,https://kpop.fandom.com//wiki/Coca,DJ COCA,,,Public,
,,,Genie Music,,,"October 28, 2005",,,,,,https://kpop.fandom.com/wiki/CLIMIX,"Seoul, South Korea",CLIMIX,"Climix Tech,Climix Entertainment",,,"https://www.instagram.com/climix_official/,https://channels.vlive.tv/AF69F9",,,,,Unlisted,
"https://kpop.fandom.com//wiki/BTOB,https://kpop.fandom.com//wiki/BTOB-BLUE,https://kpop.fandom.com//wiki/BTOB_4U,https://kpop.fandom.com//wiki/CLC,https://kpop.fandom.com//wiki/PENTAGON,https://kpop.fandom.com//wiki/(G)I-DLE,https://kpop.fandom.com//wiki/Wooseok_X_Kuanlin,https://kpop.fandom.com//wiki/LIGHTSUM","BTOB,BTOB-BLUE,BTOB 4U,CLC,PENTAGON,(G)I-DLE,Wooseok X Kuanlin,LIGHTSUM",,Kakao Entertainment,,,"August 29, 2006","Hong Seung Sung,Shin Jung Hwa",,,,,https://kpop.fandom.com/wiki/Cube_Entertainment,"Seoul, South Korea",Cube Entertainment,,,,"https://static.wikia.nocookie.net/kpop/images/8/8f/Facebook_Icon.png/revision/latest?cb=20190807040623,http://www.cubee.co.kr/,https://twitter.com/cubeunited,https://www.youtube.com/user/theunitedcube,https://www.weibo.com/cubeent","https://kpop.fandom.com//wiki/Jo_Kwon,https://kpop.fandom.com//wiki/Yoo_Seonho,https://kpop.fandom.com//wiki/Soyeon_((G)I-DLE),https://kpop.fandom.com//wiki/Yuqi,https://kpop.fandom.com//wiki/Jung_Ilhoon,https://kpop.fandom.com//wiki/Lee_Minhyuk,https://kpop.fandom.com//wiki/Lee_Changsub,https://kpop.fandom.com//wiki/Peniel,https://kpop.fandom.com//wiki/Lim_Hyunsik,https://kpop.fandom.com//wiki/Yook_Sungjae,https://kpop.fandom.com//wiki/Seo_Eunkwang","Jo Kwon,Yoo Seonho,Jeon Soyeon,Yuqi,Jung Ilhoon,Lee Minhyuk,Lee Changsub,Peniel,Lim Hyunsik,Yook Sungjae,Seo Eunkwang",,,Subsidiary,
https://kpop.fandom.com//wiki/Playback,Playback,,Interpark,,,2015,Tyler Kwon,,,,,https://kpop.fandom.com/wiki/Coridel_Entertainment,"Seoul, South Korea",Coridel Entertainment,,,,"https://www.instagram.com/coridel_entertainment/,https://twitter.com/Coridel_Ent,https://www.youtube.com/channel/UCKS4cz0fI_O0ng8qutflIbQ","https://kpop.fandom.com//wiki/Jessica,https://kpop.fandom.com//wiki/Kevin_(singer),https://kpop.fandom.com//wiki/Eunjin_(Playback)","Jessica,Kevin,Ma Eunjin",,,Unlisted,
,,,,,,"May 2, 2016",,,,,,https://kpop.fandom.com/wiki/Cre.ker_Entertainment,"Seoul, South Korea",Cre.ker Entertainment,,,,https://www.facebook.com/CrekerEnt,,,,,Subsidiary,
"https://kpop.fandom.com//wiki/Crayon_Pop,https://kpop.fandom.com//wiki/Bz-Boys","Crayon Pop,Bz-Boys",,Sony Music Entertainment,,,2012,Hwang Hyun-chang,,,,,https://kpop.fandom.com/wiki/Chrome_Entertainment,"Seoul, South Korea",Chrome Entertainment,,,,"https://twitter.com/chrome_notice,https://www.youtube.com/channel/UC_N_kMplI84ZW5vc54U_q6A",,,,,Subsidiary,
"https://kpop.fandom.com//wiki/Vitamin,https://kpop.fandom.com//wiki/PIERCE","Vitamin,PIERCE",,,,,"January 17, 2018",,,,,,https://kpop.fandom.com/wiki/Clevr_E%26M,"Seoul, South Korea",Clevr E&M,,,,"https://www.facebook.com/clevrent,https://www.instagram.com/clevrtv_official_/,https://twitter.com/clevrtv_,https://www.youtube.com/channel/UCnMBn-PNx1M9TLF0s-sEDeQ",,,,,Private,
,,,,,,"December 16, 1994",,씨제이이엔엠,,,,https://kpop.fandom.com/wiki/CJ_ENM,"Seoul, South Korea",CJ ENM,,,,,,,,,Subsidiary,
"https://kpop.fandom.com//wiki/I.O.I,https://kpop.fandom.com//wiki/SPICA,https://kpop.fandom.com//wiki/Fromis_9,https://kpop.fandom.com//wiki/SG_Wannabe","I.O.I,SPICA,fromis_9,SG Wannabe",,,,,2011,,,,,,https://kpop.fandom.com/wiki/CJ_E%26M_Music,"Seoul, South Korea",CJ E&M Music,,,,,"https://kpop.fandom.com//wiki/Jung_Joon_Young,https://kpop.fandom.com//wiki/Kevin_Oh,https://kpop.fandom.com//wiki/Park_Boram,https://kpop.fandom.com//wiki/Kim_Feel,https://kpop.fandom.com//wiki/Eric_Nam,https://kpop.fandom.com//wiki/Roy_Kim,https://kpop.fandom.com//wiki/Heize","Jung Joon Young,Kevin Oh,Park Boram,Kim Feel,Eric Nam,Roy Kim,Heize",,,Division,
https://kpop.fandom.com//wiki/Double_S_301,Double S 301,,,,,"August 8, 2014",Lee Jae Young,,,,,https://kpop.fandom.com/wiki/CI_Entertainment,"Seoul, South Korea",CI Entertainment,,,,,,,,,Unlisted,
"https://kpop.fandom.com//wiki/Jacoby_Planet,https://kpop.fandom.com//wiki/CIX,https://kpop.fandom.com//wiki/EPEX","Jacoby Planet,CIX,EPEX",,Kakao M,,,2012,Kim Dae Sun,,,,,https://kpop.fandom.com/wiki/C9_Entertainment,"Seoul, South Korea",C9 Entertainment,,,,"https://www.facebook.com/officialc9ent,https://www.instagram.com/officialc9ent/,https://post.naver.com/my.nhn?memberNo=c9webmaster,https://twitter.com/OfficialC9ent,https://www.weibo.com/officialc9ent",,,,,Subsidiary,
,,,NHN Bugs,,,"February 19, 2016",,,,,,https://kpop.fandom.com/wiki/Choon_Entertainment,"Seoul, South Korea",Choon Entertainment,,,,"https://www.facebook.com/choonentertainment,https://www.instagram.com/official_choon/,https://twitter.com/Official_Choon,https://channels.vlive.tv/DFC3ED,https://www.weibo.com/1005055814227895,https://www.youtube.com/channel/UCmj8WrZHrC8FHX9Q6306cgA",,,,,Private,
https://kpop.fandom.com//wiki/24K,24K,,Genie Music,,,"May 15, 2001",Jo Daewon,,,,,https://kpop.fandom.com/wiki/Choeun_Entertainment,"Seoul, South Korea",Choeun Entertainment,,,,https://tv.naver.com/choeunent,,,,,,
,,,,,,,,,,,,https://kpop.fandom.com/wiki/Category:Chinese_companies,,Chinese companies,,,,,,,,,,
https://kpop.fandom.com//wiki/SKYLE,SKYLE,,,,,2018,Louis Koo Tin Lok,굿럭엔터테인먼트,Entertainment,,,https://kpop.fandom.com/wiki/Good_Luck_Entertainment,"Gangnam, Seoul, South Korea",Good Luck Entertainment,,,,"https://www.facebook.com/goodluckentertainment,https://www.instagram.com/goodluck_ent/,https://twitter.com/goodluck_ent,https://www.youtube.com/c/GoodLuckEnt",https://kpop.fandom.com//wiki/No_Eul,No Eul,,,Subsidiary,
https://kpop.fandom.com//wiki/JYJ,JYJ,,,,,"December 21, 2009",Baek Chang Ju,씨제스엔터테인먼트,,,,https://kpop.fandom.com/wiki/C-JeS_Entertainment,"Seoul, South Korea",C-JeS Entertainment,,,,"https://www.instagram.com/cjes.tagram/,https://post.naver.com/my.nhn?memberNo=28655711,https://tv.naver.com/cjes,https://www.youtube.com/user/CJESEnt",,,,,Private,
"https://kpop.fandom.com//wiki/Brave_Girls,https://kpop.fandom.com//wiki/DKB","Brave Girls,DKB",,Kakao Entertainment,,,February 2008,Brave Brothers,,,,,https://kpop.fandom.com/wiki/Brave_Entertainment,"Seoul, South Korea",Brave Entertainment,,,,"https://www.facebook.com/BraveEntertainment,https://www.instagram.com/braveent_official/,https://tv.naver.com/bravesound,https://twitter.com/BRAVESOUND_,https://www.youtube.com/user/bravefamily",,,,,Private,
https://kpop.fandom.com//wiki/JUST_B,JUST B,,,,,"January 30, 2021",,,,,,https://kpop.fandom.com/wiki/Bluedot_Entertainment,"Seoul, South Korea",Bluedot Entertainment,,,,https://twitter.com/officialbluedot,,,,,Subsidiary,
https://kpop.fandom.com//wiki/AB6IX,AB6IX,,,,,2011,Rhymer,,,,,https://kpop.fandom.com/wiki/Brand_New_Music,"Seoul, South Korea",Brand New Music,BRANDNEW MUSIC,,,"https://www.facebook.com/brandnewmusic2011,https://www.instagram.com/brandnewmusic2011/,https://twitter.com/bn_music,https://channels.vlive.tv/F61123,https://www.youtube.com/user/Brandnewmusickorea","https://kpop.fandom.com//wiki/Bumkey,https://kpop.fandom.com//wiki/Hanhae,https://kpop.fandom.com//wiki/Rhymer,https://kpop.fandom.com//wiki/Verbal_Jint,https://kpop.fandom.com//wiki/KittiB,https://kpop.fandom.com//wiki/Kanto,https://kpop.fandom.com//wiki/Yang_Da_Il,https://kpop.fandom.com//wiki/Gree,https://kpop.fandom.com//wiki/Rudals,https://kpop.fandom.com//wiki/Yenjamin,https://kpop.fandom.com//wiki/Han_Dong_Geun,https://kpop.fandom.com//wiki/Lee_Eun_Sang","Bumkey,Hanhae,Rhymer,Verbal Jint,KittiB,Kanto,Yang Da Il,Gree,Rudals,Yenjamin,Han Dong Geun,Lee Eun Sang",,,Private,
,,,,,,"February 7, 1991",,지니뮤직,,,,https://kpop.fandom.com/wiki/Genie_Music,"Seoul, South Korea",Genie Music,,,,https://www.youtube.com/user/ktmusicable,,,,,Subsidiary,
,,,,,,c. 2021,,,,,,https://kpop.fandom.com/wiki/GKMNEO,South Korea,GKMNEO,Global K Media Neo,,,"https://www.instagram.com/gkmneo/,https://www.tiktok.com/@gkmneo_official,https://twitter.com/GkmneoO,https://www.youtube.com/channel/UCu8tnmv4nkL-us2RsZdz6Qw",https://kpop.fandom.com//wiki/Seulgi_(singer),Kim Seulgi,,,,
https://kpop.fandom.com//wiki/KINGDOM_(2020_group),KINGDOM,,MUSIC&NEW,,,1998,,,,,,https://kpop.fandom.com/wiki/GF_Entertainment,"Seoul, South Korea",GF Entertainment,NOS Entertainment,,,https://www.youtube.com/channel/UCYpSXc0lScH1VO_kbVqzBcw,,,,,Unlisted,
"https://kpop.fandom.com//wiki/B.I.G,https://kpop.fandom.com//wiki/3YE,https://kpop.fandom.com//wiki/Triple7","B.I.G,3YE,Triple7",,Stone Music Entertainment,,,"August 13, 2008",,,,,,https://kpop.fandom.com/wiki/GH_Entertainment,"Seoul, South Korea",GH Entertainment,,,,,https://kpop.fandom.com//wiki/Soya,Soya,,,Private,
"https://kpop.fandom.com//wiki/FTISLAND,https://kpop.fandom.com//wiki/CNBLUE,https://kpop.fandom.com//wiki/AOA,https://kpop.fandom.com//wiki/N.Flying,https://kpop.fandom.com//wiki/SF9,https://kpop.fandom.com//wiki/Cherry_Bullet,https://kpop.fandom.com//wiki/P1Harmony","FTISLAND,CNBLUE,AOA,N.Flying,SF9,Cherry Bullet,P1Harmony",,Kakao Entertainment,,,"December 14, 2006",Han Seong Ho,,,,,https://kpop.fandom.com/wiki/FNC_Entertainment,"Seoul, South Korea",FNC Entertainment,,,,"https://www.facebook.com/theofficialfnc,https://twitter.com/FNC_ENT,https://www.youtube.com/user/thefncofficial","https://kpop.fandom.com//wiki/Lee_Hong_Gi,https://kpop.fandom.com//wiki/Jung_Yong_Hwa","Lee Hong Gi,Jung Yong Hwa",,,Public,
,1st.One,,,,,"January 11, 2019",,퍼스트원엔터테인먼트,,,,https://kpop.fandom.com/wiki/FirstOne_Entertainment,"Seoul, South Korea",FirstOne Entertainment,,,,"https://www.facebook.com/firstone.ent,https://www.instagram.com/firstone_ent/,https://www.youtube.com/channel/UCFlegZFz8INK7fFXFWldy6A","https://kpop.fandom.com//wiki/Kisum,https://kpop.fandom.com//wiki/Huh_Chan_Mi","Kisum,Huh Chan Mi",,,Private,
"https://kpop.fandom.com//wiki/FANATICS,https://kpop.fandom.com//wiki/FLAVOR","FANATICS,FLAVOR",,,,,"September 16, 2013",,,,,,https://kpop.fandom.com/wiki/FENT,"Seoul, South Korea",FENT,"Fascino Entertainment,FENT Entertainment",,,,,,,,Private,
https://kpop.fandom.com//wiki/Cignature,Cignature,,Kakao M,,,"January 15, 2020",Kim Bum Joon,,,,,https://kpop.fandom.com/wiki/J9_Entertainment,,J9 Entertainment,,,,,,,,,Subsidiary,
,,,"KT Music,LOEN Entertainment",,,"February 9, 2000",Shin Ju Hak,,,Website,,https://kpop.fandom.com/wiki/Star_Empire_Entertainment,"Seoul, South Korea",Star Empire Entertainment,,,,,,,,,Private,
https://kpop.fandom.com//wiki/The_LEGEND,The LEGEND,,,,,2015,,,,,,https://kpop.fandom.com/wiki/SS_Entertainment,"Seoul, South Korea",SS Entertainment,,,,,https://kpop.fandom.com//wiki/Eun_Ji_Won,Eun Ji Won,,,Private,
"https://kpop.fandom.com//wiki/HI_CUTIE,https://kpop.fandom.com//wiki/Like_Me","HI CUTIE,Like Me",,,,,2005,,,,,,https://kpop.fandom.com/wiki/Space_Music_Entertainment,"Bucheon, South Korea",Space Music Entertainment,Space Music (스페이스뮤직),,,"https://www.facebook.com/spacemusicent,https://www.instagram.com/space_music_entertainment/,https://www.youtube.com/channel/UC8fKIdJZ9l8muitH-xZ1jrQ","https://kpop.fandom.com//wiki/Yun_Eun_Gi,https://kpop.fandom.com//wiki/Hwang_Yun_Jeong,https://kpop.fandom.com//wiki/Jung_Chae_Rin,https://kpop.fandom.com//wiki/Heo_Yu_Jin","Yun Eun Gi,Hwang Yun Jeong,Jung Chae Rin,Heo Yu Jin",,,Private,
https://kpop.fandom.com//wiki/Rocking_Doll,Rocking Doll,,,,,December 2020,Choi Yuri,에스알피엔터테인먼트,,,,https://kpop.fandom.com/wiki/SRP_Entertainment,"Gangnam-gu, Seoul, South Korea",SRP Entertainment,,,,"https://www.facebook.com/srpentertainment,https://www.instagram.com/srpent_/,https://twitter.com/srpent20,https://www.youtube.com/channel/UCFWkb4Z9_1NkPgdYE1ay5og",,,,,Private,
,,,,,,,,,,,,https://kpop.fandom.com/wiki/Category:South_Korean_companies,,South Korean companies,,,,,,,,,,
https://kpop.fandom.com//wiki/8eight,8eight,,Kakao Entertainment,,,"November 17, 2009",So Sung Jin,,,,,https://kpop.fandom.com/wiki/Source_Music,"Seoul, South Korea",Source Music,,,,"https://www.facebook.com/sourcemusickr,https://www.instagram.com/sourcemusicofficial/,https://twitter.com/SOURCEMUSIC,https://www.youtube.com/channel/UCQgh86_11VMZmnOWRurjneQ","https://kpop.fandom.com//wiki/Lee_Hyun,https://kpop.fandom.com//wiki/EDEN","Lee Hyun,EDEN",,,Subsidiary,
https://kpop.fandom.com//wiki/AfterMoon,AfterMoon,,,,,"December 5, 1989",,소니뮤직엔터테인먼트코리아,,,,https://kpop.fandom.com/wiki/Sony_Music_Entertainment_Korea,"Seoul, South Korea",Sony Music Entertainment Korea,"Sony Music Korea,SME Korea,SMK,SMEK",,,"https://www.facebook.com/sonymusickorea,https://www.instagram.com/sonymusickorea/,https://post.naver.com/my.nhn?memberNo=23554409,https://tv.naver.com/sonymusic,https://twitter.com/sonymusickr_pop,https://www.youtube.com/channel/sonymusickorea","https://kpop.fandom.com//wiki/Kevin_Oh,https://kpop.fandom.com//wiki/Demian","Kevin Oh,E.viewz,sokodomo,Demian,msftz",,,,
https://kpop.fandom.com//wiki/CRAXY,CRAXY,,Genie Music,,,"July 3, 2018",,에스에이아이엔터테인먼트는,,,,https://kpop.fandom.com/wiki/SAI_Entertainment,"Goyang-si, Gyeonggi-do, South Korea",SAI Entertainment,,,,"https://www.facebook.com/saitainment.official,https://www.instagram.com/sa_itainment/,https://blog.naver.com/saitainment,https://tv.naver.com/saitainment,https://www.youtube.com/channel/UC-fowGyxbuwEMvmeLitbFPQ",,,,,,
https://kpop.fandom.com//wiki/God,god,,,,,2000,,싸이더스HQ,,,,https://kpop.fandom.com/wiki/SidusHQ,"Seoul, South Korea",SidusHQ,,,,"https://www.facebook.com/sidushqent,https://www.instagram.com/sidushq_star/,https://twitter.com/sidushq_ent",,,,,Subsidiary,
"https://kpop.fandom.com//wiki/TVXQ!,https://kpop.fandom.com//wiki/The_Grace,https://kpop.fandom.com//wiki/The_Grace-Dana%26Sunday,https://kpop.fandom.com//wiki/SUPER_JUNIOR,https://kpop.fandom.com//wiki/SUPER_JUNIOR-K.R.Y.,https://kpop.fandom.com//wiki/SUPER_JUNIOR-T,https://kpop.fandom.com//wiki/SUPER_JUNIOR-M,https://kpop.fandom.com//wiki/SUPER_JUNIOR-H,https://kpop.fandom.com//wiki/SUPER_JUNIOR-D%26E,https://kpop.fandom.com//wiki/Girls%27_Generation,https://kpop.fandom.com//wiki/Girls%27_Generation-TTS,https://kpop.fandom.com//wiki/Girls%27_Generation-Oh!GG,https://kpop.fandom.com//wiki/SHINee,https://kpop.fandom.com//wiki/EXO,https://kpop.fandom.com//wiki/EXO-CBX,https://kpop.fandom.com//wiki/EXO-SC,https://kpop.fandom.com//wiki/Red_Velvet,https://kpop.fandom.com//wiki/Red_Velvet_-_Irene_%26_Seulgi,https://kpop.fandom.com//wiki/NCT,https://kpop.fandom.com//wiki/NCT_U,https://kpop.fandom.com//wiki/NCT_127,https://kpop.fandom.com//wiki/NCT_Dream,https://kpop.fandom.com//wiki/WayV,https://kpop.fandom.com//wiki/Aespa","TVXQ!,The Grace,The Grace-Dana&Sunday,SUPER JUNIOR,SUPER JUNIOR-K.R.Y.,SUPER JUNIOR-T,SUPER JUNIOR-M,SUPER JUNIOR-H,SUPER JUNIOR-D&E,Girls' Generation,Girls' Generation-TTS,Girls' Generation-Oh!GG,SHINee,EXO,EXO-CBX,EXO-SC,Red Velvet,Red Velvet - Irene & Seulgi,NCT,NCT U,NCT 127,NCT Dream,WayV,aespa",,"Dreamus,Avex Trax","https://kpop.fandom.com//wiki/H.O.T,https://kpop.fandom.com//wiki/S.E.S.,https://kpop.fandom.com//wiki/SHINHWA,https://kpop.fandom.com//wiki/Fly_To_The_Sky,https://kpop.fandom.com//wiki/M.I.L.K,https://kpop.fandom.com//wiki/Black_Beat,https://kpop.fandom.com//wiki/Isak_%27N%27_Jiyeon,https://kpop.fandom.com//wiki/Younique_Unit,https://kpop.fandom.com//wiki/F(x),https://kpop.fandom.com//wiki/Toheart","H.O.T,S.E.S.,SHINHWA,Fly To The Sky,M.I.L.K,Black Beat,Isak 'N' Jiyeon,Younique Unit,f(x),Toheart","February 14, 1989",Lee Soo Man,,,,,https://kpop.fandom.com/wiki/SM_Entertainment,"Seoul, South Korea",SM Entertainment,S.M. Entertainment,,,"https://www.facebook.com/,https://www.instagram.com/smtown/,https://twitter.com/SMTOWNGLOBAL,https://channels.vlive.tv/FD53B,https://www.youtube.com/user/SMTOWN","https://kpop.fandom.com//wiki/BoA,https://kpop.fandom.com//wiki/Kangta,https://kpop.fandom.com//wiki/U-Know,https://kpop.fandom.com//wiki/Max_Changmin,https://kpop.fandom.com//wiki/Sunday,https://kpop.fandom.com//wiki/Sungmin_(SUPER_JUNIOR),https://kpop.fandom.com//wiki/Ryeowook,https://kpop.fandom.com//wiki/Yesung,https://kpop.fandom.com//wiki/Kyuhyun,https://kpop.fandom.com//wiki/J-Min_(singer),https://kpop.fandom.com//wiki/Taeyeon,https://kpop.fandom.com//wiki/Hyoyeon,https://kpop.fandom.com//wiki/Yuri_(Girls%27_Generation),https://kpop.fandom.com//wiki/Yoona_(SNSD),https://kpop.fandom.com//wiki/Onew,https://kpop.fandom.com//wiki/Key,https://kpop.fandom.com//wiki/Taemin,https://kpop.fandom.com//wiki/Zhoumi,https://kpop.fandom.com//wiki/Lay,https://kpop.fandom.com//wiki/Baekhyun,https://kpop.fandom.com//wiki/Chen,https://kpop.fandom.com//wiki/Suho,https://kpop.fandom.com//wiki/Kai,https://kpop.fandom.com//wiki/D.O.,https://kpop.fandom.com//wiki/Wendy,https://kpop.fandom.com//wiki/Joy_(Red_Velvet),https://kpop.fandom.com//wiki/Raiden","BoA,Kangta,U-Know,Max Changmin,Sunday,Sungmin,Ryeowook,Yesung,Kyuhyun,J-Min,Taeyeon,Hyo,Yuri,Yoona,Onew,Key,Taemin,Zhoumi,Lay,Baekhyun,Chen,Suho,Kai,D.O.,Wendy,Joy,Raiden","https://kpop.fandom.com//wiki/MYSTIC_Story,https://kpop.fandom.com//wiki/KeyEast","(2017),(2018)",Public,
https://kpop.fandom.com//wiki/5tion,5tion,,OGAM Entertainment,,,,,,,,,https://kpop.fandom.com/wiki/Shine_E%26M,"Seoul, South Korea",Shine E&M,,,,"https://www.facebook.com/SHINE-EM-200871217216838,https://www.instagram.com/shineenm_official/,https://www.youtube.com/channel/shinerebecca",,,,,Private,
,,,Dreamus,,,2016,,스크림 레코즈,,,,https://kpop.fandom.com/wiki/ScreaM_Records,"Seoul, South Korea",ScreaM Records,,,,"https://www.facebook.com/ScreaMRecordsSM,https://www.instagram.com/screamrecords/,https://soundcloud.com/screamrecordssm,https://twitter.com/scream_records,https://www.youtube.com/channel/UCK4bLWetNGdpifopcfrm_fw","https://kpop.fandom.com//wiki/IMLAY,https://kpop.fandom.com//wiki/Hyoyeon,https://kpop.fandom.com//wiki/Ginjo,https://kpop.fandom.com//wiki/Raiden","IMLAY,HYO,Ginjo,Raiden",,,Subsidiary,
https://kpop.fandom.com//wiki/HOT_ISSUE_(group),HOT ISSUE,,,,,"August 14, 2020",Hong Seung Sung,에스투엔터테인먼트,"Entertainment,Music",,,https://kpop.fandom.com/wiki/S2_Entertainment,"Gangnam, Seoul, South Korea",S2 Entertainment,S2,,,"https://www.facebook.com/S2entofficial,https://www.instagram.com/s2ent_official//,https://twitter.com/S2ent_official,https://www.weibo.com/7525144523,https://www.youtube.com/channel/UCBRTM1a5mRyBffub8jUa8Fw",,,,,Private,
"https://kpop.fandom.com//wiki/Rockit_Girl,https://kpop.fandom.com//wiki/D.COY","Rockit Girl,D.COY",,Genie Music,,,1995,Kim Cheonseong,,,,,https://kpop.fandom.com/wiki/Rolling_Culture_One,"Seoul, South Korea",Rolling Culture One,,,,"https://www.facebook.com/rco2012,https://twitter.com/therolling,https://channels.vlive.tv/AE4A1D",,,,,Private,
"https://kpop.fandom.com//wiki/MAMAMOO,https://kpop.fandom.com//wiki/VROMANCE,https://kpop.fandom.com//wiki/ONEWE,https://kpop.fandom.com//wiki/ONEUS,https://kpop.fandom.com//wiki/PURPLE_K!SS","MAMAMOO,VROMANCE,ONEWE,ONEUS,PURPLE K!SS",,Kakao Entertainment,,,March 2010,Kim Jin Woo,,,,,https://kpop.fandom.com/wiki/RBW,"Seoul, South Korea",RBW,Rainbow Bridge Agency,,,"https://www.facebook.com/RainbowbridgeWorld,https://www.instagram.com/rbw_official/,https://twitter.com/rbbridge,https://www.youtube.com/user/rainbowbridgeagency","https://kpop.fandom.com//wiki/Cosmic_Girl,https://kpop.fandom.com//wiki/Moon_Byul,https://kpop.fandom.com//wiki/Hwa_Sa,https://kpop.fandom.com//wiki/Solar","Cosmic Girl,Moon Byul,Hwa Sa,Solar",,,Private,
https://kpop.fandom.com//wiki/Ciipher,Ciipher,,Kakao Entertainment,,,"October 11, 2015",Rain,레인컴퍼니,,,,https://kpop.fandom.com/wiki/Rain_Company,,Rain Company,,,,"https://www.facebook.com/raincompanyrain,https://www.instagram.com/raincompany_official/,https://twitter.com/raincompany_",,,,,Private,
"https://kpop.fandom.com//wiki/ALPHA_RAY,https://kpop.fandom.com//wiki/I_Hwa,https://kpop.fandom.com//wiki/Hanna_(ALPHA_RAY),https://kpop.fandom.com//wiki/Yuri_(ALPHA_RAY),https://kpop.fandom.com//wiki/Aiganym","ALPHA RAY,I Hwa,Hanna,Yuri,Aiganym",,,,,2018,"Joon Hae Spielmann,Thomas Sommer",SG엔터테인먼트,Entertainment,,,https://kpop.fandom.com/wiki/SG_Entertainment,"Mapo, Seoul, South Korea",SG Entertainment,,,,"https://www.facebook.com/sgentertainmentagency,https://www.instagram.com/sgentertainment_agency/,https://blog.naver.com/sg-entertainment,https://twitter.com/SG___Official,https://www.youtube.com/c/SGEntertainment_agency",,,,,Subsidary,
"https://kpop.fandom.com//wiki/Block_B,https://kpop.fandom.com//wiki/Block_B_BASTARZ","Block B,Block B BASTARZ",,Sony Music Entertainment Korea,,,2013,Kim Gyu Wook,,,,,https://kpop.fandom.com/wiki/Seven_Seasons,"Seoul, South Korea",Seven Seasons,,,,,,,,,Subsidiary,
,,,Kakao M,,,"February 10, 2020",Yubin,르엔터테인먼트,,,,https://kpop.fandom.com/wiki/Rrr_Entertainment,"Gangnam, Seoul, South Korea",rrr Entertainment,,,,"https://www.instagram.com/rrrent_official/,https://twitter.com/rrrEnt_official,https://www.youtube.com/channel/UCh1bnmsL2FRo18RiAxFrQ7Q","https://kpop.fandom.com//wiki/Yubin_(singer),https://kpop.fandom.com//wiki/Hyerim_(Wonder_Girls)","Yubin,Hyerim",,,Private,
https://kpop.fandom.com//wiki/TRIPLEME,TRIPLEME,,"NHN Bugs,LOEN Entertainment,CJ E&M Music",,,"August 21, 2006",,폴라리스 엔터테인먼트,,,,https://kpop.fandom.com/wiki/Polaris_Entertainment,"Seoul, South Korea",Polaris Entertainment,Ilkwang Polaris,,,"https://www.facebook.com/PolarisEntOfficial,https://www.instagram.com/polaris_ent/,https://twitter.com/Ent_Polaris,https://twitter.com/PolarisAudition,https://www.youtube.com/channel/PolarisMusicOfficial","https://kpop.fandom.com//wiki/Han_Heejun,https://kpop.fandom.com//wiki/Sunye","Han Heejun,Sunye",,,Private,
"https://kpop.fandom.com//wiki/Little_Cheer_Girl,https://kpop.fandom.com//wiki/Mini_Little_Cheer_Girl","Little Cheer Girl,Mini Little Cheer Girl",,,,,,,,Entertainment,,,https://kpop.fandom.com/wiki/Rainbow_Company,"Kangnam, Seoul, South Korea",Rainbow Company,"Rainbow Ent. (레인보우엔트),Rain Company (레인컴퍼니)",,,"https://www.facebook.com/rainbowent7,https://blog.naver.com/rain-company,https://www.youtube.com/channel/UC_WZnfH3ngE4EWSY_Xq6lXA",,,,,Private,
,,,,,,2008,Song Jun Ho (송준호),,,,,https://kpop.fandom.com/wiki/Proteurment,South Korea,Proteurment,,,,"https://blog.naver.com/prologue,https://twitter.com/proteurment",,,,,,
"https://kpop.fandom.com//wiki/DIA_(group),https://kpop.fandom.com//wiki/BAE173","DIA,BAE173",,Interpark,,,"July 12, 2017",,,,,,https://kpop.fandom.com/wiki/PocketDol_Studio,"Seoul, South Korea",PocketDol Studio,,,,"https://post.naver.com/my.nhn?memberNo=41150529,https://twitter.com/PocketDolStudio,https://www.youtube.com/channel/UCFBr_RTe9eJPsISi_yPl65g",,,,,Private,
,,,MUSIC&NEW,,,2014,,,,,,https://kpop.fandom.com/wiki/PR_Entertainment,"Seoul, South Korea",PR Entertainment,,,,,,,,,Private,
https://kpop.fandom.com//wiki/PLT,PLT,,Genie Music,,,,,플라네타리움 레코드,,,,https://kpop.fandom.com/wiki/Planetarium_Records,South Korea,Planetarium Records,,,,"https://www.facebook.com/planetariumrecords,https://www.instagram.com/planetariumrecords/,https://post.naver.com/my.nhn?memberNo=31081573,https://tv.naver.com/planetariumrecords,https://twitter.com/PLT_twt,https://channels.vlive.tv/EE421D,https://www.youtube.com/channel/UCpCppO6u934Rm8jtvHxONgA","https://kpop.fandom.com//wiki/Kei.G,https://kpop.fandom.com//wiki/Villain_(PLT),https://kpop.fandom.com//wiki/Jung_Jinwoo,https://kpop.fandom.com//wiki/Gaho,https://kpop.fandom.com//wiki/June_(PLT),https://kpop.fandom.com//wiki/Moti,https://kpop.fandom.com//wiki/Leenzy","Kei.G,Villain,Jung Jinwoo,Gaho,June,Moti,Leenzy",,,,
"https://kpop.fandom.com//wiki/After_School,https://kpop.fandom.com//wiki/NU%27EST,https://kpop.fandom.com//wiki/SEVENTEEN,https://kpop.fandom.com//wiki/BSS,https://kpop.fandom.com//wiki/Fromis_9","After School,NU'EST,SEVENTEEN,BSS,fromis_9",,"YG PLUS,HYBE",,,2007,"Han Sung Soo, Kahi, Son Dam Bi",,,,,https://kpop.fandom.com/wiki/Pledis_Entertainment,"Seoul, South Korea",Pledis Entertainment,,,,"https://www.facebook.com/pledisnews,https://twitter.com/pledisnews,https://www.youtube.com/user/pledisartist","https://kpop.fandom.com//wiki/Bumzu,https://kpop.fandom.com//wiki/Kyulkyung","Bumzu,Zhou Jie Qiong",,,Subsidiary,
"https://kpop.fandom.com//wiki/ARGON,https://kpop.fandom.com//wiki/AWEEK,https://kpop.fandom.com//wiki/BUILD_UP,https://kpop.fandom.com//wiki/Bz_Boys,https://kpop.fandom.com//wiki/IMFACT,https://kpop.fandom.com//wiki/NTB","ARGON,AWEEK,BUILD UP,Bz Boys,IMFACT,NTB",,,,,"February 28, 2016",,,,,,https://kpop.fandom.com/wiki/Oneworld_Entertainment,"Tokyo, Japan",Oneworld Entertainment,,,,"https://www.instagram.com/oneworld_ent/,https://twitter.com/oneworld_ent",,,,,Private,
https://kpop.fandom.com//wiki/P_Nation_LOUD,P Nation LOUD,,"Dreamus,Kakao Entertainment,Genie Music,Stone Music Entertainment",,,"October 29, 2018",PSY,,,,,https://kpop.fandom.com/wiki/P_Nation,"Seoul, South Korea",P Nation,,,,"https://www.facebook.com/pnation.official,https://www.instagram.com/pnation.official/,https://twitter.com/OfficialPnation","https://kpop.fandom.com//wiki/PSY,https://kpop.fandom.com//wiki/Jessi,https://kpop.fandom.com//wiki/HyunA_(singer),https://kpop.fandom.com//wiki/DAWN_(rapper),https://kpop.fandom.com//wiki/Crush_(singer),https://kpop.fandom.com//wiki/Heize,https://kpop.fandom.com//wiki/Penomeco","PSY,Jessi,HyunA,DAWN,Crush,Heize,Penomeco,Swings",,,Private,
"https://kpop.fandom.com//wiki/PPL,https://kpop.fandom.com//wiki/Rendezvous_(group)","PPL,Rendezvous",,,,,"February 25, 2015",,,,,,https://kpop.fandom.com/wiki/Parksal_Company,"Seoul, South Korea",Parksal Company,Parksal Entertainment,,,"https://www.facebook.com/parksalcompany,https://www.instagram.com/parksal_official/,https://tv.naver.com/parksalent,https://www.youtube.com/channel/UChAO46oGo6PSXfwbai9XfwQ",,,,,Unlisted,
"https://kpop.fandom.com//wiki/WEi,https://kpop.fandom.com//wiki/CRAXILVER","WEi,Crackshot,CRAXILVER",,,,,"March 19, 2016",,,,,,https://kpop.fandom.com/wiki/OUI_Entertainment,"Seoul, South Korea",OUI Entertainment,,,,"https://www.facebook.com/officialOUIENT,https://www.instagram.com/official_oui/,https://twitter.com/oui_ent,https://www.youtube.com/channel/UCveMY9CBLJ2wG61SYq85iDA","https://kpop.fandom.com//wiki/Kim_Dong_Han,https://kpop.fandom.com//wiki/Jang_Dae_Hyeon,https://kpop.fandom.com//wiki/Kim_Yo_Han","Kim Dong Han,Jang Dae Hyeon,Kim Yo Han",,,Private,
,,,,,,September 2018,,,,,,https://kpop.fandom.com/wiki/Off_The_Record_Entertainment,"Seoul, South Korea",Off The Record Entertainment,,,,,,,,,Subsidiary,
"https://kpop.fandom.com//wiki/The_Pink_Lady,https://kpop.fandom.com//wiki/The_T-Bird","The Pink Lady,The T-Bird",,,,,"February 21, 2018",Shin Chun Soo,,,,,https://kpop.fandom.com/wiki/OD_Entertainment,"Seoul, South Korea",OD Entertainment,,,,"https://www.facebook.com/officialodent,https://www.instagram.com/odent_official/,https://tv.naver.com/odent,https://twitter.com/odent_official,https://www.youtube.com/channel/odent_official",,,,,Unlisted,
,,,,,,"July 11, 2016",Louis Koo,,,,,https://kpop.fandom.com/wiki/One_Cool_Jacso_Entertainment,Hong Kong,One Cool Jacso Entertainment,One Cool Jacso,,,"https://www.instagram.com/onecooljacso/,https://twitter.com/onecooljacso,https://www.weibo.com/6554400358",,"Dada Chan,Iris Chung,Kiv Shan",,,Private,
,,,Kakao M,,,2019,Han Kyung Jin,,,,,https://kpop.fandom.com/wiki/OSR_Entertainment,"Seoul, South Korea",OSR Entertainment,,,,https://twitter.com/OSRent_,,,,,,
"https://kpop.fandom.com//wiki/ONO_GIRLZ,https://kpop.fandom.com//wiki/LIMITLESS_(group)","ONO GIRLZ,LIMITLESS",,Kakao M,,,"May 20, 2016",,,,,,https://kpop.fandom.com/wiki/ONO_Entertainment,"Seoul, South Korea",ONO Entertainment,O&O Entertainment,,,"https://www.facebook.com/onoent.official,https://www.instagram.com/ono_entertainment/,https://blog.naver.com/onoent,https://twitter.com/onoent_official,https://channels.vlive.tv/EBC26D,https://www.youtube.com/channel/UCgf9tulkvyRyJTtPr3WxRnQ",https://kpop.fandom.com//wiki/VOK,VOK,,,Unlisted,
,,,,,,"June 3, 2002",,,,,,https://kpop.fandom.com/wiki/NHN_Bugs,"Seongnam, South Korea",NHN Bugs,,,,,,,,,Subsidiary,
https://kpop.fandom.com//wiki/BXK,BXK,,Interpark,,,"December 2, 2009",,,,,,https://kpop.fandom.com/wiki/New_Planet_Entertainment,"Seoul, South Korea",New Planet Entertainment,,,,"https://www.facebook.com/NPent,https://twitter.com/newplanetent,https://www.youtube.com/channel/UCXLMH7-T7A_9m-Q_-THUlIA",,,,,Unlisted,
,,,,,,"March 4, 2008",,오감엔터테인먼트,,,,https://kpop.fandom.com/wiki/OGAM_Entertainment,"Seoul, South Korea",OGAM Entertainment,,,,"https://www.facebook.com/ogament,https://www.instagram.com/5gament/,https://www.youtube.com/user/OGAMentertainment",,,,,Private,
,,,,,,2011,,,,,,https://kpop.fandom.com/wiki/NAIVE,"Seoul, South Korea",NAIVE,,,,,,,,,,
https://kpop.fandom.com//wiki/NATURE,NATURE,,Stone Music Entertainment,,,February 2017,Jung Chang Hwan,n.CH엔터테인먼트,,,,https://kpop.fandom.com/wiki/N.CH_Entertainment,"Seoul, South Korea",n.CH Entertainment,,,,"https://www.facebook.com/nchworld.official,https://www.instagram.com/nchworld.official/,https://tv.naver.com/nchworldent,https://twitter.com/nchworld.official,https://www.youtube.com/user/nCHworld",,,,,Private,
,,,,,,2011,,,,,,https://kpop.fandom.com/wiki/MYSTIC_Story,"Gangnam-gu, Seoul, South Korea",MYSTIC Story,,,,"https://www.facebook.com/mysticstory.official,https://www.instagram.com/mysticstory.official/,https://twitter.com/themysticstory,https://www.youtube.com/channel/UCFAvMvIqZA7sAKOD4Dz1V3A",,,,,Subsidiary,
https://kpop.fandom.com//wiki/PoshGirls,PoshGirls,,,,,"July 31, 2012",Kang Jun,,,,,https://kpop.fandom.com/wiki/No.1_Media,South Korea,No.1 Media,,,,"https://www.facebook.com/zenithglobalnews,https://tv.naver.com/bottari,https://www.youtube.com/channel/UCgsFCOD1TNu4SpOtqEdmdEQ","https://kpop.fandom.com//wiki/Haerin,https://kpop.fandom.com//wiki/TWEETY","Haerin,TWEETY",,,Subsidiary,
"https://kpop.fandom.com//wiki/PinkFantasy,https://kpop.fandom.com//wiki/PinkFantasy_SHY,https://kpop.fandom.com//wiki/PinkFantasy_Shadow","PinkFantasy,PinkFantasy SHY,PinkFantasy Shadow",,,,,"September 20, 2018",,,,Lee Sohee,https://kpop.fandom.com//wiki/Chie,https://kpop.fandom.com/wiki/MyDoll_Entertainment,"Seoul, South Korea",MyDoll Entertainment,,,,"https://www.facebook.com/mydollent,https://www.instagram.com/mydoll_ent/,https://twitter.com/mydoll_staff,https://www.youtube.com/channel/UCDdqxnt7CBryockG3DLAHug",,,,,Unlisted,
,,,,,,"January 14, 2003",,,,,,https://kpop.fandom.com/wiki/Nega_Network,"Seoul, South Korea",Nega Network,,,,"https://twitter.com/neganetwork1,https://www.youtube.com/channel/UCeFz38GYPARs5HP0XhKYBzg",,,,,Private,
https://kpop.fandom.com//wiki/BVNDIT,BVNDIT,,"Genie Music,Stone Music Entertainment",,,"November 19, 2014",,,,,,https://kpop.fandom.com/wiki/MNH_Entertainment,"Seoul, South Korea",MNH Entertainment,M&H Entertainment,,,"https://www.facebook.com/mnhent,https://www.instagram.com/mnhent.official/,https://twitter.com/mnhent_01,https://www.youtube.com/c/MNHEntertainment",https://kpop.fandom.com//wiki/Chung_Ha,Chung Ha,,,Private,
https://kpop.fandom.com//wiki/Sunny_Hill,Sunny Hill,,MUSIC&NEW,,,"November 4, 2014",,,,,,https://kpop.fandom.com/wiki/MY_Entertainment,"Seoul, South Korea",MY Entertainment,,,,https://www.instagram.com/myentercom/,,,,,Unlisted,
,,,,,,2012,,뮤직앤뉴,,,,https://kpop.fandom.com/wiki/MUSIC%26NEW,"Seoul, South Korea",MUSIC&NEW,,,,"https://www.facebook.com/music.itsnew,https://www.instagram.com/music_n_new/,https://tv.naver.com/musicnnew,https://twitter.com/music_n_NEW,https://www.youtube.com/channel/musicnnewkorea",,,,,Subsidiary,
,,,,,,2014,"Hwang Hyun,G-high,Lee Joo Hyoung",모노트리,,,,https://kpop.fandom.com/wiki/MonoTree,"Seoul, South Korea",MonoTree,,,,"https://www.facebook.com/monotreemusic,https://www.instagram.com/monotree_official/,https://twitter.com/monotreemusic,https://www.youtube.com/channel/UCfPnAF-DYznLiGWkNg-wxGw",,,,,Private,
,,,Kakao Entertainment,,,"August 25, 2015",,밀리언마켓,"Music, entertainment",,,https://kpop.fandom.com/wiki/Million_Market,"Seoul, South Korea",Million Market,,,,"https://www.facebook.com/millionmarketofficial,https://www.instagram.com/millionmarket/,https://twitter.com/million_market,https://channels.vlive.tv/EE321F,https://www.youtube.com/channel/UCkysG7-beReNd-CTdDbnLog","https://kpop.fandom.com//wiki/Woo_Tae_Woon,https://kpop.fandom.com//wiki/Moon_Sujin,https://kpop.fandom.com//wiki/IONE","MC Mong,Coogie,ATMseoul,Woo Tae Woon,Oh Dam Ryul,Moon Sujin,Jiselle,IONE",,,Unlisted,
https://kpop.fandom.com//wiki/IZ,IZ,,,,,"January 10, 2014",,,,,,https://kpop.fandom.com/wiki/Music_K_Entertainment,"Seoul, South Korea",Music K Entertainment,,,,"https://www.facebook.com/musickofficial,https://twitter.com/musicK_official,https://www.youtube.com/user/musickentofficial",,,,,Subsidiary,
"https://kpop.fandom.com//wiki/MOMOLAND,https://kpop.fandom.com//wiki/T1419","MOMOLAND,T1419",,Sony Music,,,"April 3, 2015",,,,,,https://kpop.fandom.com/wiki/MLD_Entertainment,"Seoul, South Korea",MLD Entertainment,Duble Kick Company,,,"https://www.facebook.com/mldenter,https://www.instagram.com/mld_official/,https://post.naver.com/my.nhn?memberNo=41651839,https://twitter.com/mld_official_,https://www.youtube.com/channel/UC62GnXAfqgm8Fcn_i9kiuqw",,,,,Private,
"https://kpop.fandom.com//wiki/SG_Wannabe,https://kpop.fandom.com//wiki/SeeYa,https://kpop.fandom.com//wiki/Supernova,https://kpop.fandom.com//wiki/SWAN,https://kpop.fandom.com//wiki/T-ARA","SG Wannabe,SeeYa,Supernova,SWAN,T-ARA",,,,,1994,,,,,,https://kpop.fandom.com/wiki/Mnet_Media,"Seoul, South Korea",Mnet Media,,,,,"https://kpop.fandom.com//wiki/Hong_Jin_Young,https://kpop.fandom.com//wiki/Lee_Hyori,https://kpop.fandom.com//wiki/Park_Boram","Hong Jin Young,Lee Hyori,Park Boram",,,Subsidary,
https://kpop.fandom.com//wiki/GHOST9,GHOST9,,Stone Music Entertainment,,,"July 15, 2010",,,,,,https://kpop.fandom.com/wiki/Maroo_Entertainment,"Seoul, South Korea",Maroo Entertainment,,,,"https://www.facebook.com/marooenter,https://www.instagram.com/maroostory/,https://post.naver.com/my.nhn?memberNo=34940794,https://twitter.com/maroo_ent,https://channels.vlive.tv/E3F367,https://www.youtube.com/user/marooENT","https://kpop.fandom.com//wiki/Park_Jihoon_(singer),https://kpop.fandom.com//wiki/Hwang_Dong_Jun","Park Jihoon,Hwang Dong Jun",,,Private,
https://kpop.fandom.com//wiki/DIA_(group),DIA,,"Interpark,LOEN Entertainment,Banana Plan",,,2007,Kim Kwang Soo,,,,,https://kpop.fandom.com/wiki/MBK_Entertainment,"Seoul, South Korea",MBK Entertainment,,,,"https://www.facebook.com/officialmbkent,https://twitter.com/officialmbkent,https://www.youtube.com/channel/UCgxJhO66X-95iZGe4a_ku3Q",,,,,Unlisted,
"https://kpop.fandom.com//wiki/LA_POEM,https://kpop.fandom.com//wiki/CNEMA","LA POEM,CNEMA",,Dreamus,,,2020,,모스뮤직,,,,https://kpop.fandom.com/wiki/Moss_Music,South Korea,Moss Music,MOSS MUSIC,,,"https://post.naver.com/my.nhn?memberNo=moss-music,https://tv.naver.com/mossmusic",,,,,Subsidiary,
https://kpop.fandom.com//wiki/TRI.BE,TRI.BE,,,,,"February 26, 2020",Lee Jung-min,멜로우엔터테인먼트,,,,https://kpop.fandom.com/wiki/Mellow_Entertainment,"Seoul, South Korea",Mellow Entertainment,,,,"https://www.instagram.com/mellow_ent/,https://twitter.com/mellow_enter",,,,,Private,
,,,,,,March 2020,,,,,,https://kpop.fandom.com/wiki/MILES,,MILES,,,,,,,,,Subsidiary,
,,,Sony Music Entertainment Korea,,,2011,Hong Sung Yong,마피아레코드,,,,https://kpop.fandom.com/wiki/Mafia_Records,"Seoul, South Korea",Mafia Records,,,,"https://www.facebook.com/recordmafia,https://twitter.com/mafiarecord2011",,,,,Private,
,,,Kakao M,,,"October 31, 2014",,,,,,https://kpop.fandom.com/wiki/MAKEUS_Entertainment,"Seoul, South Korea",MAKEUS Entertainment,,,,"https://www.facebook.com/makeusent,https://www.instagram.com/makeus_ent/,https://twitter.com/MAKEUS_Ent,https://www.youtube.com/channel/UCihqDiBUjaLOK2cPd_qg9EQ",,,,,Subsidiary,
"https://kpop.fandom.com//wiki/4MEN,https://kpop.fandom.com//wiki/BlingBling","4MEN,BlingBling",,,,,"August 28, 2017",,,,,,https://kpop.fandom.com/wiki/MAJOR9,"Seoul, South Korea",MAJOR9,,,,"https://www.facebook.com/Official.Major9,https://www.instagram.com/major9_official/,https://twitter.com/major9_official,https://www.youtube.com/user/EntTheVIBE","https://kpop.fandom.com//wiki/Ben,https://kpop.fandom.com//wiki/Kim_Dong_Jun,https://kpop.fandom.com//wiki/KASPER","Ben,Kim Dong Jun,KASPER",,,Unlisted,
"https://kpop.fandom.com//wiki/KITE,https://kpop.fandom.com//wiki/PURPLEBECK","KITE,PURPLEBECK",,,,,"February 6, 2014",,,,,,https://kpop.fandom.com/wiki/Majesty_Entertainment,"Seoul, South Korea",Majesty Entertainment,MAJESTY Entertainment,,,"https://www.facebook.com/majestyena,https://www.instagram.com/majesty_entertainment/,https://twitter.com/EntMajesty,https://www.youtube.com/channel/UCqRpXkNqKMorR8zq8KofcSg",,,,,Private,
,,,,,,"August 5, 2009",Lee Jang Eon,,,,,https://kpop.fandom.com/wiki/Liveworks_Company,"Seoul, South Korea",Liveworks Company,,,,"https://www.facebook.com/liveworkscompany,https://post.naver.com/my.nhn?memberNo=45273516,https://twitter.com/LIVEWORKSCO,https://www.youtube.com/user/LIVEWORKSCP",https://kpop.fandom.com//wiki/Shin_Hye_Sung,Shin Hye Sung,,,Private,
"https://kpop.fandom.com//wiki/Hashtag,https://kpop.fandom.com//wiki/NOIR_(group),https://kpop.fandom.com//wiki/PURPLE_(group)","Hashtag,NOIR,PURPLE",,Genie Music,,,2004,,,,,,https://kpop.fandom.com/wiki/LUK_Factory,"Seoul, South Korea",LUK Factory,,,,"https://www.facebook.com/LukFactory,https://www.instagram.com/lukfactory_official/,https://www.youtube.com/channel/UCroFt_ypwCVMOcnq5KfjXfg",,,,,Private,
https://kpop.fandom.com//wiki/Dustin,Dustin,,OGAM Entertainment,,,1982,Lee Sul,,,,,https://kpop.fandom.com/wiki/LPA_Entertainment,"Incheon, South Korea",LPA Entertainment,Lee Sul Performance Artcompany,,,,,,,,Unlisted,
"https://kpop.fandom.com//wiki/Chic_Angel,https://kpop.fandom.com//wiki/ICU,https://kpop.fandom.com//wiki/CHIC%26IDLE,https://kpop.fandom.com//wiki/ZEROSIX","Chic Angel,ICU,CHIC&IDLE,ZEROSIX",,,,,2014,,,,,,https://kpop.fandom.com/wiki/Liz_Entertainment,"Seoul, South Korea",Liz Entertainment,Leez Entertainment,,,"https://www.facebook.com/lezent0011,https://www.instagram.com/lizent0011/,https://twitter.com/leezent0011,https://www.youtube.com/channel/UCNudDEuElvpx0FejYPbuEWA",,,,,,
,,,Stone Music Entertainment,,,2019,,,,,,https://kpop.fandom.com/wiki/LM_Entertainment,"Seoul, South Korea",LM Entertainment,,,,,,,,,,
"https://kpop.fandom.com//wiki/SUPER_JUNIOR,https://kpop.fandom.com//wiki/SUPER_JUNIOR-K.R.Y.,https://kpop.fandom.com//wiki/SUPER_JUNIOR-T,https://kpop.fandom.com//wiki/SUPER_JUNIOR-Happy,https://kpop.fandom.com//wiki/SUPER_JUNIOR-M,https://kpop.fandom.com//wiki/SUPER_JUNIOR-D%26E","SUPER JUNIOR,SUPER JUNIOR-K.R.Y.,SUPER JUNIOR-T,SUPER JUNIOR-Happy,SUPER JUNIOR-M,SUPER JUNIOR-D&E",,,,,"November 6, 2015",,,,,,https://kpop.fandom.com/wiki/Label_SJ,"Seoul, South Korea",Label SJ,,,,,"https://kpop.fandom.com//wiki/Zhoumi,https://kpop.fandom.com//wiki/Kyuhyun,https://kpop.fandom.com//wiki/Ryeowook,https://kpop.fandom.com//wiki/Yesung,https://kpop.fandom.com//wiki/Heechul_(SUPER_JUNIOR),https://kpop.fandom.com//wiki/Sungmin_(SUPER_JUNIOR),https://kpop.fandom.com//wiki/Donghae","Zhoumi,Kyuhyun,Ryeowook,Yesung,Heechul,Sungmin,Donghae",,,,
https://kpop.fandom.com//wiki/ATEEZ,ATEEZ,,"Genie Music,Stone Music Entertainment",,,2016,Kim Gyu Uk,,,,,https://kpop.fandom.com/wiki/KQ_Entertainment,"Seoul, South Korea",KQ Entertainment,,,,"https://www.facebook.com/kqent,https://www.instagram.com/kqent/,https://twitter.com/kqent,https://www.youtube.com/channel/UCQdq-lqPEq_yZ_wP_kuVB9Q",,,,,Private,
,,,,,,"December 7, 2017",Park Chung Min,,,,,https://kpop.fandom.com/wiki/Lionheart_Entertainment,"Seoul, South Korea",Lionheart Entertainment,Lionheart,,,"https://www.facebook.com/lionheartentertainmentasia,https://www.instagram.com/lionheartentertainmentasia/,https://post.naver.com/my.nhn?memberNo=43437812,https://channels.vlive.tv/C1E7A9,https://www.weibo.com/6831391988,https://www.youtube.com/channel/lionheartentertainment",,,,,Subsidiary,
,,,,,,2016,,,,,,https://kpop.fandom.com/wiki/KQ_Produce,"Seoul, South Korea",KQ Produce,KQ PD,,,,"https://kpop.fandom.com//wiki/Babylon,https://kpop.fandom.com//wiki/EDEN","Babylon,EDEN",,,Subsidiary,
https://kpop.fandom.com//wiki/Hi-L,Hi-L,,,,,"July 26, 2016",Baek Jeong-ok,,,,,https://kpop.fandom.com/wiki/Kpop_Live_Entertainment,"Seoul, South Korea",Kpop Live Entertainment,A100 Entertainment (에이백엔터테인먼트),,,https://www.youtube.com/channel/UCbzs2YhuqxfJ3T_4quc9CWg,https://kpop.fandom.com//wiki/Yeim,Yeim,,,Private,
,,,,,,March 2012,Kim Do Hoon,,,,,https://kpop.fandom.com/wiki/WA_Entertainment,"Seoul, South Korea",WA Entertainment,,,,,,,,,Private,
https://kpop.fandom.com//wiki/TRITOPS,Tritops,,,,,"June 25, 2014",,브이엘엔터테인먼트,,,,https://kpop.fandom.com/wiki/VL_Entertainment,"Seoul, South Korea",VL Entertainment,Van Leader Entertainment,,,,,,,,Private,
"https://kpop.fandom.com//wiki/UNIQ,https://kpop.fandom.com//wiki/WJSN,https://kpop.fandom.com//wiki/EVERGLOW,https://kpop.fandom.com//wiki/TEMPEST","YHBOYS,NEXT,NAME,UNIQ,WJSN,EVERGLOW,TEMPEST",,"Genie Music,Stone Music Entertainment",,,June 2009,Hua Du,,,,,https://kpop.fandom.com/wiki/Yue_Hua_Entertainment,"Beijing, China",Yue Hua Entertainment,,,,"https://twitter.com/yhartists,https://www.weibo.com/yuehuamusic,https://www.youtube.com/channel/UCiFqm8xNW7R0cSbL3vqZ4EA,https://www.facebook.com/yuehua.entertainment,https://twitter.com/yhent_korea,https://www.youtube.com/channel/UCDTPlhsjCao8F02EP9HORAA","https://kpop.fandom.com//wiki/Hangeng,https://kpop.fandom.com//wiki/WOODZ,https://kpop.fandom.com//wiki/Mei_Qi,https://kpop.fandom.com//wiki/Xuan_Yi,https://kpop.fandom.com//wiki/Cheng_Xiao,https://kpop.fandom.com//wiki/Choi_Ye_Na","Han Geng,WOODZ,Zhu Zhengting,Meng Meiqi,Xuan Yi,Cheng Xiao,Choi Ye Na",,,Private,
,,,,,,2001,"Hong Won Ki,Kim Jun Hong",,,,,https://kpop.fandom.com/wiki/Zanybros,"Seoul, South Korea",Zanybros,,,,"https://www.facebook.com/zanybros,https://www.instagram.com/zanybros/,https://twitter.com/zanybros",,,,,Unlisted,
https://kpop.fandom.com//wiki/SECRET_NUMBER,SECRET NUMBER,,"Kakao Entertainment,Genie Music",,,"July 1, 2016",,,,,,https://kpop.fandom.com/wiki/Vine_Entertainment,"Seoul, South Korea",Vine Entertainment,,,,"https://www.facebook.com/officialVINEnt,https://www.instagram.com/vineent_official/,https://twitter.com/VineEnt_Music,https://www.youtube.com/channel/UC6JaMtkBWveNrllTFBmnKmA",,,,,Unlisted,
,,,,,,"February 2, 2012",Bang Yoon Tae,,,,,https://kpop.fandom.com/wiki/YNB_Entertainment,"Seoul, South Korea",YNB Entertainment,,,,"https://www.facebook.com/YNBENT,https://twitter.com/ynbent,https://www.youtube.com/user/OFFICIALYNB",,,,,Private,
,,,,,,2018,,,,,,https://kpop.fandom.com/wiki/YGX,"Seoul, South Korea",YGX,,,,"https://www.facebook.com/ygx.official,https://www.instagram.com/ygx_official/",,,,,Subsidiary,
,,,,,,2010,Cho Yoo-myung,,,,,https://kpop.fandom.com/wiki/YMC_Entertainment,"Seoul, South Korea",YMC Entertainment,,,,,,,,,Subsidiary,
,,,,,,May 2005,,YG언더그라운드,,,,https://kpop.fandom.com/wiki/YG_Underground,"Seoul, South Korea",YG Underground,,,,,,,,,Subsidiary,
,,,Avex Trax,,,July 2011,Yang Hyun Suk,,,,,https://kpop.fandom.com/wiki/YGEX,"Tokyo, Japan",YGEX,,,,,,,,,,
,,,,,,"November 15, 1996",,YG플러스,,,,https://kpop.fandom.com/wiki/YG_PLUS,"Seoul, South Korea",YG PLUS,,,,https://post.naver.com/my.nhn?memberNo=43210428,,,,,Public,
,,,,,,2008,Go Eun Kyung,YG케이플러스,,,,https://kpop.fandom.com/wiki/YG_KPLUS,"Seoul, South Korea",YG KPLUS,K-Plus,,,"https://www.facebook.com/YGKPLUS,https://blog.naver.com/kplusmodel,https://channels.vlive.tv/FBC6D,https://www.youtube.com/channel/UCF_0jz8N3MlTavlspQOj-rw",,,,,,
"https://kpop.fandom.com//wiki/BIGBANG,https://kpop.fandom.com//wiki/WINNER,https://kpop.fandom.com//wiki/IKON,https://kpop.fandom.com//wiki/BLACKPINK,https://kpop.fandom.com//wiki/SECHSKIES,https://kpop.fandom.com//wiki/TREASURE,https://kpop.fandom.com//wiki/BABYMONSTER","BIGBANG,WINNER,IKON,BLACKPINK,SECHSKIES,TREASURE,BABYMONSTER",,,,,"February 24, 1996",Yang Hyun Suk,,,,,https://kpop.fandom.com/wiki/YG_Entertainment,"Seoul, South Korea",YG Entertainment,YGE,https://kpop.fandom.com//wiki/YGEX,YGEX,"https://www.facebook.com/ygfamily,https://twitter.com/ygent_official,https://www.youtube.com/user/YGEntertainment","https://kpop.fandom.com//wiki/G-Dragon,https://kpop.fandom.com//wiki/Taeyang_(BIGBANG),https://kpop.fandom.com//wiki/Daesung,https://kpop.fandom.com//wiki/Bobby,https://kpop.fandom.com//wiki/Jennie,https://kpop.fandom.com//wiki/Mino,https://kpop.fandom.com//wiki/Eun_Ji_Won,https://kpop.fandom.com//wiki/Bang_Ye_Dam,https://kpop.fandom.com//wiki/Lee_Su_Hyun_(AKMU),https://kpop.fandom.com//wiki/Ros%C3%A9,https://kpop.fandom.com//wiki/Lisa","G-Dragon,Taeyang,Daesung,Bobby,Jennie,Mino,Eun Ji Won,Bang Ye Dam,Lee Su Hyun,Rosé,Lisa",,,Public,
,,,YGEX,,,"January 26, 2007",,,,,,https://kpop.fandom.com/wiki/YG_Entertainment_Japan,"Tokyo, Japan",YG Entertainment Japan,YG Japan,,,"https://www.instagram.com/ygentertainment_jp/,https://twitter.com/ygjapanofficial",,,,,Subsidiary,
,,,,,,August 2018,Im Chang Jung,예스아이엠 엔터테인먼트,Entertainment,,,https://kpop.fandom.com/wiki/YES_IM_Entertainment,"Paju-si, Gyeonggi-do, South Korea",YES IM Entertainment,,,,"https://www.instagram.com/yesim_ent/,https://www.youtube.com/channel/UCF1nJ3ZA3QCqJ4N21bjcHjg",https://kpop.fandom.com//wiki/Im_Chang_Jung,Im Chang Jung,,,Private,
,,,"Genie Music,Stone Music Entertainment",,,"July 15, 2019",,월드스타엔터테인먼트,,,,https://kpop.fandom.com/wiki/World_Star_Entertainment,"Seoul, South Korea",World Star Entertainment,,,,"https://www.facebook.com/worldstar.ent,https://www.instagram.com/worldstar.entertainment/,https://post.naver.com/my.nhn?memberNo=48027495,https://www.youtube.com/channel/UCZ2DD5e7p5xqhnX3q6_GU_w",,,,,Private,
"https://kpop.fandom.com//wiki/S.I.S,https://kpop.fandom.com//wiki/BOTOPASS","S.I.S,BOTOPASS",,Kakao M,,,"October 13, 2014",,,,,,https://kpop.fandom.com/wiki/XX_Entertainment,"Seoul, South Korea",XX Entertainment,Double X Entertainment,,,"https://www.facebook.com/xxent.official,https://www.instagram.com/xx_ent/,https://twitter.com/xxent_",https://kpop.fandom.com//wiki/Nody_Cika,Nody Cika,,,Unlisted,
"https://kpop.fandom.com//wiki/INFINITE,https://kpop.fandom.com//wiki/INFINITE_F,https://kpop.fandom.com//wiki/Golden_Child,https://kpop.fandom.com//wiki/Rocket_Punch,https://kpop.fandom.com//wiki/DRIPPIN","INFINITE,INFINITE F,Golden Child,Rocket Punch,DRIPPIN",,Kakao Entertainment,,,"October 1, 2003",Lee Jung-yeop,울림 엔터테인먼트,,,,https://kpop.fandom.com/wiki/Woollim_Entertainment,"Seoul, South Korea",Woollim Entertainment,,,,"https://www.facebook.com/woolliment,https://twitter.com/woollim_ent,https://www.youtube.com/user/woolliment","https://kpop.fandom.com//wiki/Lee_Su_Jeong,https://kpop.fandom.com//wiki/Woo_Hyun,https://kpop.fandom.com//wiki/Kwon_Eun_Bi","Lee Su Jeong,Nam Woo Hyun,Kwon Eun Bi",,,Subsidiary,
"https://kpop.fandom.com//wiki/BYUL,_DAL,https://kpop.fandom.com//wiki/Comma,https://kpop.fandom.com//wiki/Byeol-so,https://kpop.fandom.com//wiki/Dal-so","BYUL, DAL,Comma,Byeol-so,Dal-so",,,,,2019,,예담엔터테인먼트,Music,Kwon Minseo,https://kpop.fandom.com//wiki/Kwon_Minseo,https://kpop.fandom.com/wiki/Yedam_Entertainment,"Seoul, South Korea",Yedam Entertainment,,,,"https://www.facebook.com/ent.yedam,https://www.instagram.com/yedam_official_/",,,,,Private,
"https://kpop.fandom.com//wiki/B1A4,https://kpop.fandom.com//wiki/OH_MY_GIRL,https://kpop.fandom.com//wiki/ONF","B1A4,OH MY GIRL,ONF",,Sony Music,,,2008,Lee Won Min (CEO),,,,,https://kpop.fandom.com/wiki/WM_Entertainment,"Seoul, South Korea",WM Entertainment,,,,"https://twitter.com/WM_ent,https://www.youtube.com/channel/UCACvSkFoyzG8I1QeREBnxAA","https://kpop.fandom.com//wiki/Sandeul,https://kpop.fandom.com//wiki/YooA","Sandeul,YooA",,,Private,
"https://kpop.fandom.com//wiki/Whiteday_(group),https://kpop.fandom.com//wiki/GN,https://kpop.fandom.com//wiki/Yujung_(Whiteday)","Whiteday,Jihye,Yujung",,,,,2018,,더블유디엔터테인먼트,,,,https://kpop.fandom.com/wiki/WD_Entertainment,"Gangnam, Seoul, South Korea",WD Entertainment,,,,"https://www.facebook.com/the.wdent,https://www.instagram.com/wd.ent/,https://blog.naver.com/wdentertainment,https://twitter.com/wd_ent,https://www.youtube.com/channel/UCwlxJ4oVNE-S9Hm4YEg7GeQ",,,,,Subsidiary,
"https://kpop.fandom.com//wiki/DPOP_Friends,https://kpop.fandom.com//wiki/CICI,https://kpop.fandom.com//wiki/Wanshin,https://kpop.fandom.com//wiki/Haneul_(CICI),https://kpop.fandom.com//wiki/MNZ","DPOP Friends,CICI,Won,Haneul,JL",,,,,"July 17, 2018",,업보트엔터테인먼트,,,,https://kpop.fandom.com/wiki/UPVOTE_Entertainment,"Seoul, South Korea",UPVOTE Entertainment,,,,"https://www.facebook.com/upvoteofficial,https://www.instagram.com/upvote_entertainment/,https://twitter.com/UPVOTEent,https://www.youtube.com/channel/UCKUMvfnMBsZBOe8h7ze_hiw","https://kpop.fandom.com//wiki/Sandy_(rapper),https://kpop.fandom.com//wiki/KiKO","Sandy,KiKO",,,Private,
,,,,,,"March 18, 2008",,위닝인사이트,,,,https://kpop.fandom.com/wiki/Winning_Insight,"Seoul, South Korea",Winning Insight,Winning Insight Entertainment,,,https://www.youtube.com/user/WnningInSight,,,,,Private,
,,,,,,"May 16, 2013",,,,,,https://kpop.fandom.com/wiki/Urban_Works_Entertainment,"Seoul, South Korea",Urban Works Entertainment,,,,,,,,,Subsidiary,
https://kpop.fandom.com//wiki/PRISMA,PRISMA,,,,,"April 30, 2018","Charles Fleury, Fabio Urso",,,,,https://kpop.fandom.com/wiki/UnionWave_Entertainment,"Switzerland,South Korea",UnionWave Entertainment,UW Entertainment,,,"https://www.facebook.com/unionwaventertainment,https://www.instagram.com/unionwave/,https://twitter.com/UnionWaveEnt,https://www.youtube.com/user/UnionWaveEntertainment",,,,,,
https://kpop.fandom.com//wiki/Fanxy_Red,Fanxy Red,,"Genie Music,Stone Music Entertainment",,,"March 23, 2018",,,,,,https://kpop.fandom.com/wiki/TOV_Entertainment,"Seoul, South Korea",TOV Entertainment,,,,"https://www.instagram.com/toventertainment/,https://www.facebook.com/globaltov,https://www.weibo.com/1015498873",,,,,Private,
https://kpop.fandom.com//wiki/Withus,withus,,,,,"January 11, 2008",,위드에이치씨,,,,https://kpop.fandom.com/wiki/WithHC,"Seoul, South Korea",withHC,,,,"https://www.facebook.com/withhc,https://www.instagram.com/withhc/,https://blog.naver.com/hcmp2352,https://twitter.com/withhc_official,https://channels.vlive.tv/DA8495,https://www.youtube.com/user/withHCMP",,,,,Private,
,,,,,,,,,,,,https://kpop.fandom.com/wiki/Universal_Music_Korea,"Seoul, South Korea",Universal Music Korea,Universal Music (유니버설뮤직),,,"https://www.facebook.com/universalmusickorea,https://www.instagram.com/universalmusickorea/,https://www.youtube.com/channel/UniversalMusicKorea",,,,,Subsidiary,
"https://kpop.fandom.com//wiki/Secret,https://kpop.fandom.com//wiki/Han_Sun_Hwa,https://kpop.fandom.com//wiki/Song_Ji_Eun,https://kpop.fandom.com//wiki/Jun_Hyo_Seong,https://kpop.fandom.com//wiki/Jung_Ha_Na,https://kpop.fandom.com//wiki/B.A.P,https://kpop.fandom.com//wiki/Him_Chan,https://kpop.fandom.com//wiki/Dae_Hyun,https://kpop.fandom.com//wiki/Youngjae_(singer),https://kpop.fandom.com//wiki/Jong_Up,https://kpop.fandom.com//wiki/Bang_Yong_Guk,https://kpop.fandom.com//wiki/Zelo,https://kpop.fandom.com//wiki/SONAMOO,https://kpop.fandom.com//wiki/Su_Min_(SONAMOO),https://kpop.fandom.com//wiki/Na_Hyun_(SONAMOO),https://kpop.fandom.com//wiki/Hong_Eui_Jin,https://kpop.fandom.com//wiki/Min_Jae_(SONAMOO),https://kpop.fandom.com//wiki/New_Sun,https://kpop.fandom.com//wiki/D.ana,https://kpop.fandom.com//wiki/High.D,https://kpop.fandom.com//wiki/TRCNG","Secret,Han Sun Hwa,Song Ji Eun,Jun Hyo Seong,Jung Ha Na,B.A.P,Him Chan,Dae Hyun,Young Jae,Jong Up,Bang Yong Guk,Zelo,SONAMOO,Su Min,Na Hyun,Eui Jin,Min Jae,New Sun,D.ana,High.D,TRCNG",,Kakao M,,,"October 8, 2008",Kim Tae Song,티에스이엔티이알,,,,https://kpop.fandom.com/wiki/TS_Entertainment,"Seoul, South Korea",TS Entertainment,,,,"https://www.facebook.com/OFFICIALTSENT,https://twitter.com/ts_enter,https://www.youtube.com/user/TSENT2008",,,,,Private,
"https://kpop.fandom.com//wiki/TO1,https://kpop.fandom.com//wiki/Kep1er","TO1,Kep1er",,"Stone Music Entertainment,Genie Music",,,"February 18, 2014",,웨이크원엔터테인먼트,,,,https://kpop.fandom.com/wiki/WAKEONE,South Korea,WAKEONE,Wake One Entertainment,,,"https://www.facebook.com/wakeone.offcl,https://www.instagram.com/wakeone.offcl/,https://twitter.com/wakeone_offcl","https://kpop.fandom.com//wiki/Ha_Hyun_Sang,https://kpop.fandom.com//wiki/Mia_(singer),https://kpop.fandom.com//wiki/Roy_Kim,https://kpop.fandom.com//wiki/Jo_Yu_Ri","Ha Hyun Sang,Mia,Roy Kim,Jo Yu Ri",,,Subsidiary,
,,,,,,"March 18, 1997",Park Jang Sun,,,,,https://kpop.fandom.com/wiki/TodayArt,"Seoul, South Korea",TodayArt,,,,,,,,,Private,
"https://kpop.fandom.com//wiki/TEEN_TOP,https://kpop.fandom.com//wiki/UP10TION,https://kpop.fandom.com//wiki/MCND","TEEN TOP,UP10TION,MCND",,Kakao Entertainment,,,July 2005,,,,,,https://kpop.fandom.com/wiki/TOP_Media,"Seoul, South Korea",TOP Media,T.O.P Media,,,"https://www.facebook.com/topmediastar,https://www.instagram.com/topmedia_official/,https://twitter.com/TOPmedia_Kr,https://www.youtube.com/user/TOPmediaStar","https://kpop.fandom.com//wiki/Eric_(SHINHWA),https://kpop.fandom.com//wiki/Lee_Jin_Hyuk,https://kpop.fandom.com//wiki/Kim_Woo_Seok","Eric,Lee Jin Hyuk,Kim Woo Seok",,,Private,
https://kpop.fandom.com//wiki/GWSN,GWSN,,Sony Music,,,2016,,더웨이브뮤직,,,,https://kpop.fandom.com/wiki/The_Wave_Music,"Seoul, South Korea",The Wave Music,,,,"https://www.facebook.com/the.wave.music.ent,https://twitter.com/the_wave_music",,,https://kpop.fandom.com//wiki/The_Wave_E%26M,(formerly Wellmade Yedang) (2018–present),Subsidiary,
,,,,,,2008,Gibeck Lee (SXIVA),스튜디오 호랑이굴,,,,https://kpop.fandom.com/wiki/Tiger_Cave,"Seoul, South Korea",Tiger Cave,TIGERCAVE,,,https://www.instagram.com/tigercave_official/,,,,,,
,,,,,,July 2014,Oh Won Chul (Philip Oh),,,,,https://kpop.fandom.com/wiki/The_Music_Works_Entertainment,"5F, 13, Seolleung-ro 145-GIL, Gangnam-gu, Seoul, South Korea",The Music Works Entertainment,"The Music Works,Music Works",,,"https://www.facebook.com/officialmusicworks,https://www.instagram.com/officialmwent/,https://twitter.com/official_mwent,https://www.youtube.com/user/MUSICWORKSOFFICIAL",https://kpop.fandom.com//wiki/Clo,Clo,,,Subsidiary,
https://kpop.fandom.com//wiki/HOT_TEEN,HOT TEEN,,,,,,,,,,,https://kpop.fandom.com/wiki/TIPTOP_Entertainment,South Korea,TIPTOP Entertainment,,,,"https://www.facebook.com/TiptopEntertainment,https://www.instagram.com/tiptop_ent3820/,https://www.youtube.com/channel/UCOGdwJA4oVXWoM0-YRlah4Q",,,,,Private,
,,,YG PLUS,,,May 2016,Teddy,,,,,https://kpop.fandom.com/wiki/The_Black_Label,"Seoul, South Korea",The Black Label,TBL,,,"https://www.facebook.com/OfficialTHEBLACKLABEL,https://www.instagram.com/theblacklabel_official/,https://twitter.com/THEBLACKLABEL_","https://kpop.fandom.com//wiki/Zion.T,https://kpop.fandom.com//wiki/Somi_(singer),https://kpop.fandom.com//wiki/Vince","Zion.T,Somi,Vince",,,Subsidiary,
,,,Kakao Entertainment,,,"April 17, 2015",,,,,,https://kpop.fandom.com/wiki/Sublime_Artist_Agency,"Sinsa-dong, Gangnam-gu, Seoul, South Korea",Sublime Artist Agency,,,,"https://www.instagram.com/sublimeartist/,https://post.naver.com/my.nhn?memberNo=42267011,https://twitter.com/sublimeartist_,https://channels.vlive.tv/A80AE5,https://www.youtube.com/channel/UCUGk7eoqphXlSLh-NYhcRkw",,,,,,
"https://kpop.fandom.com//wiki/DAY6,https://kpop.fandom.com//wiki/DAY6_(Even_of_Day),https://kpop.fandom.com//wiki/Xdinary_Heroes","DAY6,DAY6 (Even of Day),Xdinary Heroes",,Dreamus,,,January 2015,J.Y. Park,스튜디오 J,,,,https://kpop.fandom.com/wiki/Studio_J,"Seoul, South Korea",Studio J,,,,https://www.facebook.com/studioj.live,https://kpop.fandom.com//wiki/Bernard_Park,Bernard Park,,,Subsidiary,
"https://kpop.fandom.com//wiki/A.C.E_(boy_group),https://kpop.fandom.com//wiki/Kep1er","A.C.E,Kep1er",,Stone Music Entertainment,,,"June 8, 2018",,,,,,https://kpop.fandom.com/wiki/Swing_Entertainment,"Seoul, South Korea",Swing Entertainment,,,,"https://www.instagram.com/official_swing/,https://twitter.com/Official_SWING,https://www.youtube.com/channel/UC7eHynJ83ypIf_586YR5lqQ","https://kpop.fandom.com//wiki/Kim_Jaehwan,https://kpop.fandom.com//wiki/Natty","Kim Jaehwan,Natty",,,Subsidiary,
"https://kpop.fandom.com//wiki/JBJ,https://kpop.fandom.com//wiki/Fromis_9,https://kpop.fandom.com//wiki/Wanna_One,https://kpop.fandom.com//wiki/X1,https://kpop.fandom.com//wiki/IN2IT,https://kpop.fandom.com//wiki/SG_Wannabe,https://kpop.fandom.com//wiki/TO1","JBJ,fromis_ 9,Wanna One,X1,IN2IT,SG Wannabe,TO1",,,,,"April 3, 2018",,,,,,https://kpop.fandom.com/wiki/Stone_Music_Entertainment,"Seoul, South Korea",Stone Music Entertainment,,,,"https://www.facebook.com/stonemusicent,https://www.instagram.com/stonemusicent/,https://tv.kakao.com/channel/56198,https://www.tiktok.com/@stonemusicent,https://twitter.com/StoneMusicEnt,https://www.youtube.com/user/CJENMMUSIC","https://kpop.fandom.com//wiki/Kevin_Oh,https://kpop.fandom.com//wiki/Park_Boram,https://kpop.fandom.com//wiki/Heize,https://kpop.fandom.com//wiki/Eric_Nam,https://kpop.fandom.com//wiki/Kim_Feel,https://kpop.fandom.com//wiki/Roy_Kim,https://kpop.fandom.com//wiki/Ha_Hyun_Sang","Kevin Oh,Park Boram,Heize,Eric Nam,Kim Feel,Roy Kim,Ha Hyun Sang",,,Subsidiary,
,,,Dreamus,,,"June 21, 2008",,,,,,https://kpop.fandom.com/wiki/Starit_Entertainment,"Seoul, South Korea",Starit Entertainment,,,,"https://www.facebook.com/staritenter,https://www.instagram.com/STARITENT/,https://tv.naver.com/dmostent,https://channels.vlive.tv/DCB44F,https://www.youtube.com/channel/UCaDt2GTxEoOlDVXSszt1kQQ","https://kpop.fandom.com//wiki/Jisook,https://kpop.fandom.com//wiki/Narsha,https://kpop.fandom.com//wiki/Youngjae_(singer),https://kpop.fandom.com//wiki/SE7EN","Jisook,Narsha,Youngjae,SE7EN",,,Private,
,,,Stone Music Entertainment,,,2018,,,,,,https://kpop.fandom.com/wiki/Studio_Blu,South Korea,Studio Blu,,,,,,,,,Subsidiary,
,,,Kakao Entertainment,,,2013,,,,,,https://kpop.fandom.com/wiki/Starship_X,"Seoul, South Korea",Starship X,,,,https://twitter.com/starshipxent,https://kpop.fandom.com//wiki/Jooyoung,"Jooyoung,#Gun",,,Subsidiary,
,,,,,,2021,Ravi,더라이브,,,,https://kpop.fandom.com/wiki/THE_L1VE,,THE L1VE,,,,"https://www.facebook.com/thel1veofficial,https://www.instagram.com/thel1ve_official/,https://twitter.com/THEL1VE_LABEL","https://kpop.fandom.com//wiki/Ailee,https://kpop.fandom.com//wiki/Whee_In","Ailee,Whee In",,,Private,
"https://kpop.fandom.com//wiki/MONSTA_X,https://kpop.fandom.com//wiki/WJSN,https://kpop.fandom.com//wiki/WJSN_CHOCOME,https://kpop.fandom.com//wiki/WJSN_THE_BLACK,https://kpop.fandom.com//wiki/CRAVITY,https://kpop.fandom.com//wiki/IVE","MONSTA X,WJSN,WJSN CHOCOME,WJSN THE BLACK,CRAVITY,IVE",,,,,"January 5, 2008",Kim Shi-dae,,,,,https://kpop.fandom.com/wiki/Starship_Entertainment,"Seoul, South Korea",Starship Entertainment,,,,"https://twitter.com/starshipent,https://www.youtube.com/user/starshipTV","https://kpop.fandom.com//wiki/K.Will,https://kpop.fandom.com//wiki/Jooyoung,https://kpop.fandom.com//wiki/Jeong_Sewoon,https://kpop.fandom.com//wiki/I.M","K.Will,Jooyoung,Jeong Sewoon,I.M",,,Subsidiary,
,,,,,,"January 11, 2019",Zico,KOZ 엔터테인먼트,,,,https://kpop.fandom.com/wiki/KOZ_Entertainment,"Seoul, South Korea",KOZ Entertainment,,,,"https://www.facebook.com/koz.entofficial,https://www.instagram.com/koz_entofficial/,https://twitter.com/KOZ_Entofficial,https://www.youtube.com/user/KOZENTOFFICIAL",https://kpop.fandom.com//wiki/Zico,"Zico,Dvwn",,,Subsidiary,
,,,,,,"May 20, 2016",,,,,,https://kpop.fandom.com/wiki/The_Wave_E%26M,"Seoul, South Korea",The Wave E&M,,,,"https://www.facebook.com/wellmadestarent,https://www.instagram.com/wellmade_starent/,https://post.naver.com/my.nhn?memberNo=32402283",,,,,Subsidiary,
,,,,,,March 2010,,KMP홀딩스,,,,https://kpop.fandom.com/wiki/KMP_Holdings,"Seoul, South Korea",KMP Holdings,,,,"https://www.facebook.com/kmpholdings,https://twitter.com/KMPHoldings",,,,,,
https://kpop.fandom.com//wiki/D.Holic,D.Holic,,Stone Music Entertainment,,,"September 3, 2013",,스타로드엔터테인먼트,,,,https://kpop.fandom.com/wiki/Star_Road_Entertainment,"Seoul, South Korea",Star Road Entertainment,,,,"https://www.facebook.com/%EC%8A%A4%ED%83%80%EB%A1%9C%EB%93%9C-%EC%97%94%ED%84%B0%ED%85%8C%EC%9D%B8%EB%A8%BC%ED%8A%B8-1303242273075487,https://www.instagram.com/starroadent/,https://twitter.com/starroadent,https://www.youtube.com/channel/UCQYGWPk0LydfEA47eHnF6oQ",https://kpop.fandom.com//wiki/Rena_(D.Holic),Rena,,,Private,
,,,Sony Music,,,"June 10, 2019",Kang Daniel,커넥트엔터테인먼트,Music,,,https://kpop.fandom.com/wiki/KONNECT_Entertainment,"Seoul, South Korea",KONNECT Entertainment,,,,"https://post.naver.com/my.nhn?memberNo=konnectentertainment,https://www.youtube.com/channel/UCHGJwrjlY6rmZJInxRmiztA","https://kpop.fandom.com//wiki/Kang_Daniel,https://kpop.fandom.com//wiki/CL,https://kpop.fandom.com//wiki/Chancellor,https://kpop.fandom.com//wiki/Yuju_(GFRIEND)","Kang Daniel,CL,Chancellor,Yuju",,,Private,
https://kpop.fandom.com//wiki/TARGET,TARGET,,OGAM Entertainment,,,2016,,,,,,https://kpop.fandom.com/wiki/KJ_Music_Entertainment,South Korea,KJ Music Entertainment,,,,"https://channels.vlive.tv/D215A3,https://www.youtube.com/channel/UCKqGCi72Hzdt0J8Khqm-ofg",,,,,Private,
https://kpop.fandom.com//wiki/GWSN,GWSN,,Kakao M,,,2018,,,,,,https://kpop.fandom.com/wiki/Kiwi_Pop,"Seoul, South Korea",Kiwi Pop,,,,,,,,,Private subsidiary,
"https://kpop.fandom.com//wiki/ONO_GIRLZ,https://kpop.fandom.com//wiki/LIMITLESS,https://kpop.fandom.com//wiki/GeeGu","ONO GIRLZ,LIMITLESS,GeeGu",,,,,"March 14, 2018",,,,,,https://kpop.fandom.com/wiki/Star_Ent.,"Seoul, South Korea",Star Ent.,,,,,"https://kpop.fandom.com//wiki/SE7EN,https://kpop.fandom.com//wiki/Jang_Moon_Bok,https://kpop.fandom.com//wiki/Kang_Hye_Yeon","SE7EN,Jang Moon Bok,Kang Hye Yeon",,,Subsidiary,
"https://kpop.fandom.com//wiki/USSO.BOY,https://kpop.fandom.com//wiki/USSO.GIRL,https://kpop.fandom.com//wiki/YOUNGEST,https://kpop.fandom.com//wiki/SUPERKIDS,https://kpop.fandom.com//wiki/Burvey","USSO.BOY,USSO.GIRL,YOUNGEST,SUPERKIDS,Burvey",,,,,,,,,,,https://kpop.fandom.com/wiki/Kids_Planet,"Seoul, South Korea",Kids Planet,,,,https://www.instagram.com/kidsplanet_korea/,,,,,Subsidiary,
,,,,,,"October 8, 1996",Bae Yong Joon,,,,,https://kpop.fandom.com/wiki/KeyEast,"Yeongdong-daero, Gangnam District, Seoul, South Korea",KeyEast,,,,https://www.facebook.com/keyeastofficial,https://kpop.fandom.com//wiki/DALsooobin,DALsooobin,,,Subsidiary,
,,,,,,"July 20, 2010",,카카오엔터테인먼트,,,,https://kpop.fandom.com/wiki/Kakao_Entertainment,"Seoul, South Korea",Kakao Entertainment,,,,,,,,,Public,
"https://kpop.fandom.com//wiki/K-TIGERS_ZERO,https://kpop.fandom.com//wiki/ONEWE,https://kpop.fandom.com//wiki/ONEUS,https://kpop.fandom.com//wiki/SNUPER,https://kpop.fandom.com//wiki/TEEN_TOP,https://kpop.fandom.com//wiki/UP10TION","K-TIGERS ZERO,ONEWE,ONEUS,SNUPER,TEEN TOP,UP10TION",,,,,"April 1, 2010",Lee Seong Jeong,,,,,https://kpop.fandom.com/wiki/KISS_Entertainment,"Meguro City, Tokyo, Japan",KISS Entertainment,KISS Ent (キッスエンタ),,,"https://www.instagram.com/kissent_official/,https://twitter.com/kissent2010,https://www.youtube.com/user/kissent2010",,,,,Private,
,,,,,,,,케이아트뮤직 엔터테인먼트,"Music, entertainment",,,https://kpop.fandom.com/wiki/K_Art_Music_Entertainment,"Daejeon, South Korea",K Art Music Entertainment,,,,"https://www.facebook.com/qwe2973,https://www.instagram.com/k.art.music_ent/",,,,,Unlisted,
,,,,,,October 1978,Min Yeong-bin,,,,,https://kpop.fandom.com/wiki/Kakao_M,"Seoul, South Korea",Kakao M,"Seoul Records,YBM Seoul Records,LOEN Entertainment",,,,,,,,Public,
"https://kpop.fandom.com//wiki/VIXX,https://kpop.fandom.com//wiki/VIXX_LR,https://kpop.fandom.com//wiki/VERIVERY","VIXX,VIXX LR,VERIVERY",,Kakao Entertainment,,,"August 17, 2007",Hwang Se Jun,,,,,https://kpop.fandom.com/wiki/Jellyfish_Entertainment,"Seoul, South Korea",Jellyfish Entertainment,,,,"https://twitter.com/jellyfish_ent,https://www.facebook.com/jellyfishentertainment,https://www.youtube.com/user/jellyfishenter","https://kpop.fandom.com//wiki/Sejeong,https://kpop.fandom.com//wiki/Park_Yun_Ha,https://kpop.fandom.com//wiki/Lim_Seul_Ong","Sejeong,Park Yun Ha,Lim Seul Ong",,,Private,
"https://kpop.fandom.com//wiki/2PM,https://kpop.fandom.com//wiki/DAY6,https://kpop.fandom.com//wiki/DAY6_(Even_of_Day),https://kpop.fandom.com//wiki/TWICE,https://kpop.fandom.com//wiki/Stray_Kids,https://kpop.fandom.com//wiki/3RACHA,https://kpop.fandom.com//wiki/ITZY,https://kpop.fandom.com//wiki/Xdinary_Heroes,https://kpop.fandom.com//wiki/JYPn,https://kpop.fandom.com//wiki/JYPE_LOUD","2PM,DAY6,DAY6 (Even of Day),TWICE,Stray Kids,3RACHA,BOYSTORY,ITZY,NiziU,Xdinary Heroes,JYPn,JYPE LOUD",,Dreamus,,,May 1997,J.Y. Park,JYP엔터테인먼트,,,,https://kpop.fandom.com/wiki/JYP_Entertainment,"Seoul, South Korea",JYP Entertainment,,,,"https://www.facebook.com/jypnation,https://tv.kakao.com/channel/2658089,https://twitter.com/jypnation,https://www.youtube.com/channel/UCaO6TYtlC8U5ttz62hTrZgg,https://twitter.com/jype_japan,https://twitter.com/JYPTHAILAND","https://kpop.fandom.com//wiki/J.Y._Park,https://kpop.fandom.com//wiki/Jun._K,https://kpop.fandom.com//wiki/Wooyoung_(2PM),https://kpop.fandom.com//wiki/Junho,https://kpop.fandom.com//wiki/Bernard_Park,https://kpop.fandom.com//wiki/Young_K,https://kpop.fandom.com//wiki/Dowoon","J.Y. Park,Jun. K,Wooyoung,Junho,Bernard Park,Young K,Dowoon",,,Public,
https://kpop.fandom.com//wiki/Purple_Rain,Purple Rain,,,,,February 2020,,,,,,https://kpop.fandom.com/wiki/JTBC_Studios,"Seoul, South Korea",JTBC Studios,,,,"https://www.facebook.com/jtbcstudios,https://www.instagram.com/jtbcstudios/,https://twitter.com/jtbcstudios,https://www.youtube.com/channel/UCcc8hGY5L6S874k6o_J1v7w","https://kpop.fandom.com//wiki/Nau_Lee,https://kpop.fandom.com//wiki/Sojung_(LADIES%27_CODE)","Nau Lee,Lee So Jung",,,Private,
"https://kpop.fandom.com//wiki/Busters,https://kpop.fandom.com//wiki/JTG_Boys","Busters,JTG Boys",,Kakao M,,,"April 12, 2013",,,,,,https://kpop.fandom.com/wiki/JTG_Entertainment,"Seoul, South Korea",JTG Entertainment,Asia Bridge Entertainment,,,"https://www.facebook.com/JTGentofficial,https://www.instagram.com/jtg_ent/,https://post.naver.com/my.nhn?memberNo=37260584,https://twitter.com/JTG_ent",,,,,Unlisted,
,,,,,,,,,,,,https://kpop.fandom.com/wiki/Category:Japanese_companies,,Japanese companies,,,,,,,,,,
https://kpop.fandom.com//wiki/The_Rose,The Rose,,,,,"September 18, 2007",,제이앤스타컴퍼니,,,,https://kpop.fandom.com/wiki/J%26Star_Company,"Seoul, South Korea",J&Star Company,,,,,https://kpop.fandom.com//wiki/Woosung_(The_Rose),Woosung,,,Private,
,,,Stone Music Entertainment,,,February 2006,,에끌엔터테인먼트,,,,https://kpop.fandom.com/wiki/Jungle_Entertainment,"Seoul, South Korea",Jungle Entertainment,,,,"https://www.facebook.com/JungleEnt,https://blog.naver.com/eccle_ent,https://twitter.com/Eccle_ent,https://www.youtube.com/user/junglent8950",https://kpop.fandom.com//wiki/Jin_Junwoo,Jin Junwoo,,,Private,
https://kpop.fandom.com//wiki/N.O.M_(Nature_Of_Man),N.O.M,,,,,2013,N.O.M,,,,,https://kpop.fandom.com/wiki/JZ_Factory_Entertainment,"Seoul, South Korea",JZ Factory Entertainment,"YC:BROS Entertainment,BNS W Entertainment,BROS Entertainment,Bro ENTERTAINMENT,NOM Entertainment",,,https://www.instagram.com/jz_factory_official/,,,,,Unlisted,
"https://kpop.fandom.com//wiki/LABOUM,https://kpop.fandom.com//wiki/TRENDZ","LABOUM,TRENDZ",,,,,"March 16, 2018",,,,,,https://kpop.fandom.com/wiki/Interpark_Music_Plus,"Seoul, South Korea",Interpark Music Plus,,,,,,,,,Subsidiary,
,,,Dreamus,,,2020,,,Music,,,https://kpop.fandom.com/wiki/IOK_Music,"Seoul, South Korea",IOK Music,,,,"https://www.facebook.com/IOKmusicofficial,https://www.instagram.com/iok_music_official/,https://twitter.com/iok_music,https://www.youtube.com/channel/UCo3T6clxt1MVGFOIZxfBYfw",https://kpop.fandom.com//wiki/B.I,B.I,,,,
"https://kpop.fandom.com//wiki/Apink,https://kpop.fandom.com//wiki/Apink_BnN,https://kpop.fandom.com//wiki/VICTON,https://kpop.fandom.com//wiki/THE_BOYZ,https://kpop.fandom.com//wiki/Bandage,https://kpop.fandom.com//wiki/Weeekly","Apink,Apink BnN,VICTON,THE BOYZ,Bandage,Weeekly",,,,,"January 3, 2011",,아이에스티엔터테인먼트,,,,https://kpop.fandom.com/wiki/IST_Entertainment,"Seoul, South Korea",IST Entertainment,IST ent,,,"https://www.facebook.com/ist.ent.official,https://www.instagram.com/ist_entertainment/,https://twitter.com/ist_ent,https://www.youtube.com/channel/UCcv_9TDIGsRjVWVtHU5GCGg","https://kpop.fandom.com//wiki/Eunji_(Apink),https://kpop.fandom.com//wiki/Hayoung_(Apink),https://kpop.fandom.com//wiki/Han_Seung_Woo,https://kpop.fandom.com//wiki/Namjoo_(Apink),https://kpop.fandom.com//wiki/Do_Han_Se","Jeong Eun Ji,Oh Hayoung,Han Seung Woo,Kim Nam Joo,Do Han Se",,,Subsidiary,
https://kpop.fandom.com//wiki/LUNARSOLAR,LUNARSOLAR,,,,,"January 15, 2007",,,,,,https://kpop.fandom.com/wiki/J_Planet_Entertainment,"Seoul, South Korea",J Planet Entertainment,,,,"https://www.facebook.com/jplanetofficial,https://www.instagram.com/jplanetent_audition/,https://post.naver.com/my.nhn?memberNo=42231127,https://twitter.com/jplanetent_,https://www.youtube.com/channel/UCpgyyX7HCkbrRc0B-Z9FPoQ",,,,,Subsidiary,
"https://kpop.fandom.com//wiki/ZPZG,https://kpop.fandom.com//wiki/SIGNAL_(group)","ZPZG,SIGNAL",,,,,,,제이스타 엔터테인먼트,,,,https://kpop.fandom.com/wiki/J-Star_Entertainment,South Korea,J-Star Entertainment,,,,/wiki/Joonwoo5236,,,,,Private,
"https://kpop.fandom.com//wiki/BUILD_UP,https://kpop.fandom.com//wiki/Y%26W","BUILD UP,Y&W",,,,,October 2019,,이나키스트 엔터테인먼트,,,,https://kpop.fandom.com/wiki/INAKIST_Entertainment,"Seoul, South Korea",INAKIST Entertainment,INAKIST ENT.,,,"https://www.instagram.com/inakistentertainment/,https://www.youtube.com/channel/UCoWz1qYgSQGY7vTkJEARzEQ",,,,,Subsidiary,
"https://kpop.fandom.com//wiki/Fly_To_The_Sky,https://kpop.fandom.com//wiki/DreamNote","Fly To The Sky,DreamNote",,,,,December 2016,,아이엠이코리아,,,,https://kpop.fandom.com/wiki/IMe_KOREA,"Seoul, South Korea",iMe KOREA,,,,"https://www.facebook.com/,https://www.instagram.com/imekorea_official/,https://blog.naver.com/imekr,https://post.naver.com/my.nhn?memberNo=36145479,https://twitter.com/imekr_official,https://www.youtube.com/channel/UCML05AGn5iuZtiYghGFc3QA",https://kpop.fandom.com//wiki/Insoo_(MYNAME),Kang In Soo,,,Subsidiary,
https://kpop.fandom.com//wiki/AA_(group),AA,,,,,"July 2, 1976",,,,,,https://kpop.fandom.com/wiki/Imagine_Asia,"Seoul, South Korea",Imagine Asia,,,,,,,,,Public,
,,,,,,"June 1, 1996",Lee Ki-hyoung,,,,,https://kpop.fandom.com/wiki/Interpark,"Seoul, South Korea",Interpark,,,,,,,,,Public,
,,,Kakao Entertainment,,,"October 24, 2017",,하이라인엔터테인먼트,Music,,,https://kpop.fandom.com/wiki/Highline_Entertainment,South Korea,Highline Entertainment,,,,"https://www.facebook.com/OfficialHighlineEnt,https://www.instagram.com/official_highline/,https://tv.naver.com/houseofmusictv,https://twitter.com/highline_ent,https://channels.vlive.tv/D105C5,https://www.youtube.com/c/HIGHLINEENTERTAINMENT","https://kpop.fandom.com//wiki/Leon,https://kpop.fandom.com//wiki/Yu_Seung_Woo,https://kpop.fandom.com//wiki/Wonho_(singer)","Leon,Yu Seung Woo,Wonho",,,Subsidiary,
https://kpop.fandom.com//wiki/MAMAMOO,MAMAMOO,,,,,"September 21, 2015",,,,,,https://kpop.fandom.com/wiki/HOW_Entertainment,"Seoul, South Korea",HOW Entertainment,,,,"https://www.facebook.com/HOWent7,https://www.instagram.com/how_ent/,https://www.youtube.com/channel/UCG9X_KCVs_XPGN2ibH7S5jA",,,,,Subsidiary,
https://kpop.fandom.com//wiki/MEGAMAX,MEGAMAX,,,,,"January 13, 2015",,인미디어에이앤디,Entertainment,,,https://kpop.fandom.com/wiki/Inmedia,"Gangnam, Seoul, South Korea",Inmedia,"INMEDIA+,IN MEDIA A&D",,,"https://www.facebook.com/inmediacorp,https://www.instagram.com/inmedia_corp/,https://pf.kakao.com/_XpdKs,https://blog.naver.com/inmedia_corp,https://cafe.naver.com/inmediacorp,https://twitter.com/CorpInmedia,https://www.youtube.com/channel/UCi0CGsGw68y7V-mzSb42Q6A",,,,,Private,
https://kpop.fandom.com//wiki/LST,LST,,,,,,,현다컴퍼니,,,,https://kpop.fandom.com/wiki/Hyunda_Company,South Korea,Hyunda Company,Hyunda Entertainment Company,,,"https://www.facebook.com/hyundacompany,https://www.instagram.com/hyundacompany_official/,https://www.youtube.com/channel/UCEDwUfaDemLvOGRjcSIAMww",,,,,,
,,,,,,"September 29, 2017",,,,,,https://kpop.fandom.com/wiki/HYBE_Labels_Japan,"Tokyo, Japan",HYBE Labels Japan,,,,https://twitter.com/HYBE_LABELS_JP,,,,,Subsidiary,
,,,Kakao Entertainment,,,"June 14, 2017",Black Eyed Pilseung,하이업엔터테인먼트,,,,https://kpop.fandom.com/wiki/High_Up_Entertainment,"Seoul, South Korea",High Up Entertainment,Highup Entertainment,,,"https://www.facebook.com/highup_ent,https://www.instagram.com/highup_ent/,https://post.naver.com/my.nhn?memberNo=40584408,https://twitter.com/highup_ent,https://www.youtube.com/channel/UCBEu7Q6arDR7GdfnwBL2AUw",,,,,Private,
"https://kpop.fandom.com//wiki/XENO-T,https://kpop.fandom.com//wiki/ROMEO_(group)","XENO-T,ROMEO",,,,,"June 25, 2014",,,,,,https://kpop.fandom.com/wiki/Hunus_Entertainment,South Korea,Hunus Entertainment,,,,"https://www.facebook.com/HUNUSentertainment,https://post.naver.com/my.nhn?memberNo=37286431,https://twitter.com/hunus_ent,https://www.youtube.com/channel/UCQpdzqBK-ZGfy_RHxe_OyEQ",,,,,Unlisted,
,,,"YG PLUS,Dreamus,LOEN Entertainment",,,"February 1, 2005",Bang Si Hyuk,하이브,,"Bang Si Hyuk,Scooter Braun",https://kpop.fandom.com//wiki/Bang_Si_Hyuk,https://kpop.fandom.com/wiki/HYBE,"Seoul, South Korea",HYBE,,,,"https://www.facebook.com/ibighit,https://twitter.com/hybeofficialtwt,https://www.youtube.com/user/ibighit",,,,,Public,
,,,Kakao M,,,2017,Lee Kun-hyuk,,,,,https://kpop.fandom.com/wiki/Hyuk_And_Company,"Mapo-gu, Seoul, South Korea",Hyuk And Company,,,,,,,,,Private,
https://kpop.fandom.com//wiki/ELVIN_CREW,ELVIN CREW,,,,,"December 30, 2008",,하이씨씨,,,,https://kpop.fandom.com/wiki/HiCC,"Seoul, South Korea",HiCC,"High Creative Contents,HiCC Media (하이씨씨미디어),HiCC Entertainment (하이씨씨엔터테인먼트)",,,"https://www.facebook.com/Hiccofficial,https://www.instagram.com/hicc_official/,https://blog.naver.com/hiccmedia2016,https://tv.naver.com/hiccmedia,https://www.youtube.com/channel/UC9HMo6_akxKToXYurmDSgAQ",,,,,Private,
https://kpop.fandom.com//wiki/MYNAME,MYNAME,,,,,"May 30, 2011",Jang Won Beom,,,,,https://kpop.fandom.com/wiki/H2media,"Seoul, South Korea",H2media,,,,"https://www.instagram.com/h2media_official/,https://twitter.com/H2_media,https://www.youtube.com/channel/H2media2011",,,,,Unlisted,
https://kpop.fandom.com//wiki/Classmate,Classmate,,,,,2016,,,,,,https://kpop.fandom.com/wiki/HF_Music_Company,South Korea,HF Music Company,,,,,,,,,Subsidiary,
"https://kpop.fandom.com//wiki/Boys_Republic,https://kpop.fandom.com//wiki/PIXY","Boys Republic,PIXY",,,,,"October 6, 2010",,해피트라이브엔터테인먼트,,,,https://kpop.fandom.com/wiki/Happy_Tribe_Entertainment,"Seoul, South Korea",Happy Tribe Entertainment,,,,"https://www.facebook.com/happytribeent,https://www.instagram.com/happytribe_ent/,https://www.youtube.com/channel/UC0Z9UJF7jb4g1Gs_hd_LFfg",,,,,Private,
https://kpop.fandom.com//wiki/F.able,F.able,,,,,September 2018,,,,,,https://kpop.fandom.com/wiki/Haeirum_Entertainment,"Seoul, South Korea",Haeirum Entertainment,SSH-Entertainment (더블에스에이치엔터테인먼트),,,"https://www.facebook.com/해이룸엔터테인먼트-663127617448259,https://www.instagram.com/haeirum/",,,,,Unlisted,
,,,,,,July 2013,,,,,,https://kpop.fandom.com/wiki/Feel_GHood_Music,"Seoul, South Korea",Feel GHood Music,,,,,"https://kpop.fandom.com//wiki/Yoonmirae,https://kpop.fandom.com//wiki/BIBI","Yoonmirae,BIBI",,,Private,
,,,"Genie Music,Stone Music Entertainment",,,May 2017,"Jay Park,Cha Cha Malone",,,,,https://kpop.fandom.com/wiki/H1GHR_Music,"Seoul, South Korea",H1GHR Music,H1GHR Music Records,,,"https://www.facebook.com/H1GHRMUSICOFFICIAL,https://www.instagram.com/h1ghrmusic/,https://soundcloud.com/h1ghr-music,https://www.tiktok.com/@h1ghrmusic_official,https://twitter.com/H1GHRMUSIC,https://channels.vlive.tv/A72B01,https://www.youtube.com/channel/UC6TJkBRLMFJ-9c7pXehoZwg",,,,,,
,,,"Genie Music,Stone Music Entertainment",,,"June 4, 2019",Ravi,그루블린,,,,https://kpop.fandom.com/wiki/GROOVL1N,,GROOVL1N,,,,"https://www.facebook.com/Groovl1nofficial,https://www.instagram.com/groovl1nofficial/,https://twitter.com/groovl1n_gtck,https://www.youtube.com/channel/UCVp0GEeuIVBtZxNo9MvuvTw",https://kpop.fandom.com//wiki/Ravi,"Cold Bay,Nafla,Ravi,Xydo",,,Private,
,,,Interpark,,,"April 8, 2019",,,,,,https://kpop.fandom.com/wiki/H%26I_Entertainment,"Seoul, South Korea",H&I Entertainment,HI Entertainment (2016–2019),,,,https://kpop.fandom.com//wiki/Yunu,Yunu,,,Private,
"https://kpop.fandom.com//wiki/ASTRO,https://kpop.fandom.com//wiki/Moonbin_%26_Sanha,https://kpop.fandom.com//wiki/Weki_Meki","ASTRO,Moonbin & Sanha,Weki Meki",,Kakao Entertainment,,,"September 16, 2008",Na Byeong-jun,판타지오,,,,https://kpop.fandom.com/wiki/Fantagio,"Seoul, South Korea",Fantagio,,,,"https://www.facebook.com/fantagio,https://twitter.com/fantagiogroup,https://www.youtube.com/user/officialfantagio","https://kpop.fandom.com//wiki/MJ,https://kpop.fandom.com//wiki/Ong_Seong_Wu","MJ,Ong Seong Wu",,,Public,
,,,Kakao M,,,2012,,,,,,https://kpop.fandom.com/wiki/FAVE_Entertainment,"Seoul, South Korea",FAVE Entertainment,LOEN Tree,,,"https://www.facebook.com/FAVEENT,https://www.youtube.com/channel/faveent",,,,,Subsidiary,
,,,,,,2021,,에프씨이엔엠,,,,https://kpop.fandom.com/wiki/FC_ENM,"Seoul, South Korea",FC ENM,FCENM,,,"https://www.instagram.com/fcenm/,https://twitter.com/fc_enm,https://channels.vlive.tv/833F7F",,,,,Private,
,,,OGAM Entertainment,,,2017,,,,,,https://kpop.fandom.com/wiki/H%26H_Entertainment,,H&H Entertainment,SD.ent,,,"https://www.instagram.com/YS___MUSIC/,https://www.youtube.com/channel/UCGI9ux7clMALsUvWWzv4qyg",,,,,Unlisted,
,,,,,,"July 13, 2011",Kwon Ki Wook,에버모어 엔터테인먼트,"Music,Entertainment",,,https://kpop.fandom.com/wiki/Evermore_Entertainment,"Gangnam, Seoul, South Korea",Evermore Entertainment,"Evermore,Evermore Music (에버모어 뮤직)",,,"https://www.facebook.com/evermoreent,https://www.instagram.com/evermore_ent/,https://post.naver.com/my.nhn?memberNo=evermoreinc,https://twitter.com/evermore_ent,https://www.youtube.com/channel/Evermore209",https://kpop.fandom.com//wiki/Aivan,Aivan,,,Unlisted,
,,,,,,"January 6, 2020",Bae Jong Han,,,,,https://kpop.fandom.com/wiki/EDAM_Entertainment,"Seoul, South Korea",EDAM Entertainment,,,,"https://www.instagram.com/edam.official/,https://twitter.com/edam_ent,https://www.youtube.com/channel/EdamEnt",https://kpop.fandom.com//wiki/IU,IU,,,Subsidiary,
,,,Kakao Entertainment,,,"November 1, 2011",,판타지오 뮤직,,,,https://kpop.fandom.com/wiki/Fantagio_Music,"Seoul, South Korea",Fantagio Music,,,,"https://twitter.com/fantagiomusic_,https://www.youtube.com/user/fantagiomusic",,,,,Subsidiary,
"https://kpop.fandom.com//wiki/A6P,https://kpop.fandom.com//wiki/Bloomy","A6P,Bloomy",,,,,November 2014,,,,,,https://kpop.fandom.com/wiki/DS_Entertainment_(2014_company),,DS Entertainment (2014 company),,,,"https://www.facebook.com/dsent2015,https://twitter.com/Official_DSENT,https://www.youtube.com/channel/UCFh115cb3Z3EZ-w5bnSr09Q",,,,,Unlisted,
,,,,,,2012,Duble Sidekick,,,,,https://kpop.fandom.com/wiki/Duble_Kick_Entertainment,"Seoul, South Korea",Duble Kick Entertainment,,,,,,,,,Private,
,,,,,,2019,,,,,,https://kpop.fandom.com/wiki/DS_Entertainment_(2019_company),,DS Entertainment (2019 company),,,,"https://www.instagram.com/ds_ent__official/,https://twitter.com/ds_ent_official,https://www.youtube.com/channel/UC9Qkrd5R1oStDTS9XW3gNUA",,,,,Unlisted,
,,,,,,,,,,,,https://kpop.fandom.com/wiki/Category:Etromedia,,Etromedia,,,,,,,,,,
"https://kpop.fandom.com//wiki/E%27LAST,https://kpop.fandom.com//wiki/E%27LAST_U","E'LAST,E'LAST U",,,,,2019,,이엔터테인먼트,,,,https://kpop.fandom.com/wiki/E_Entertainment,"Seoul, South Korea",E Entertainment,,,,"https://www.facebook.com/OfficialEent,https://www.instagram.com/e.ent_official/,https://twitter.com/OfficialEent",,,,,,
https://kpop.fandom.com//wiki/Girl%27s_Day,Girl's Day,,,,,2009,Lee Jong Seok,,,,,https://kpop.fandom.com/wiki/DreamT_Entertainment,"Seoul, South Korea",DreamT Entertainment,,,,,,,,,Subsidiary,
,,,,,,2019,Hong Yu Jin,엔터테인먼트 CUP,"Entertainment,Music",,,https://kpop.fandom.com/wiki/Entertainment_CUP,"Seocho-gu, Seoul, South Korea",Entertainment CUP,,,,"https://www.instagram.com/ent_cup/,https://twitter.com/Enterta18021823,https://www.youtube.com/channel/UCLPyun6NQbB-Lj9w1roHWyw",,,,,Private,
"https://kpop.fandom.com//wiki/BLACKSWAN_(2020_group),https://kpop.fandom.com//wiki/K-TIGERS_ZERO","BLACKSWAN,K-TIGERS ZERO",,,,,1989,,DR뮤직,,,,https://kpop.fandom.com/wiki/DR_Music,"Seoul, South Korea",DR Music,,,,,,,,,Private,
"https://kpop.fandom.com//wiki/APRIL,https://kpop.fandom.com//wiki/Fin.K.L,https://kpop.fandom.com//wiki/KARD,https://kpop.fandom.com//wiki/MIRAE_(group)","APRIL,Fin.K.L,KARD,MIRAE",,LOEN Entertainment,,,October 1991,Lee Ho-yeon,,,,,https://kpop.fandom.com/wiki/DSP_Media,"Seoul, South Korea",DSP Media,"Daesung Planning,DSP Entertainment,DSP ent",,,"https://www.facebook.com/officialdspmedia,https://twitter.com/official_DSP,https://www.youtube.com/user/DSP",https://kpop.fandom.com//wiki/Hur_Young_Ji,Hur Young Ji,,,Private,
,,,,,,"January 20, 1999",,,,,,https://kpop.fandom.com/wiki/Dreamus,"Seoul, South Korea",Dreamus,,,,,,,,,Public,
"https://kpop.fandom.com//wiki/Dreamcatcher,https://kpop.fandom.com//wiki/MINX","Dreamcatcher,MINX",,Genie Music,,,"August 15, 2008",Lee Joo Won,,,,,https://kpop.fandom.com/wiki/Dreamcatcher_Company,"Seoul, South Korea",Dreamcatcher Company,"Happyface Entertainment,Pungnyeon Entertainment",,,,,,,,Private,
